--
-- PostgreSQL database dump
--

-- Dumped from database version 17.2 (Debian 17.2-1.pgdg120+1)
-- Dumped by pg_dump version 17.2 (Debian 17.2-1.pgdg120+1)

SET statement_timeout = 0;
SET lock_timeout = 0;
SET idle_in_transaction_session_timeout = 0;
SET transaction_timeout = 0;
SET client_encoding = 'UTF8';
SET standard_conforming_strings = on;
SELECT pg_catalog.set_config('search_path', '', false);
SET check_function_bodies = false;
SET xmloption = content;
SET client_min_messages = warning;
SET row_security = off;

SET default_tablespace = '';

SET default_table_access_method = heap;

--
-- Name: ang_pro; Type: TABLE; Schema: public; Owner: aladin
--

DO $$
BEGIN
CREATE ROLE aladin;
EXCEPTION WHEN duplicate_object THEN RAISE NOTICE '%, skipping', SQLERRM USING ERRCODE = SQLSTATE;
END
$$;

CREATE TABLE public.ang_pro (
    "PROZ_ARB" integer NOT NULL,
    "PNR" integer NOT NULL,
    "ANGNR" integer NOT NULL
);


ALTER TABLE public.ang_pro OWNER TO aladin;

--
-- Name: angest; Type: TABLE; Schema: public; Owner: aladin
--

CREATE TABLE public.angest (
    "ANGNR" integer NOT NULL,
    "NAME" character varying(32) NOT NULL,
    "WOHNORT" character varying(32) NOT NULL,
    "BERUF" character varying(32) NOT NULL,
    "GEHALT" integer NOT NULL,
    "ABTNR" integer NOT NULL
);


ALTER TABLE public.angest OWNER TO aladin;

--
-- Name: kunde; Type: TABLE; Schema: public; Owner: aladin
--

CREATE TABLE public.kunde (
    "KDNR" integer NOT NULL,
    "NAME" character varying(32) NOT NULL,
    "WOHNORT" character varying(32) NOT NULL,
    "TAETIG_ALS" character varying(32) NOT NULL
);


ALTER TABLE public.kunde OWNER TO aladin;

--
-- Name: projekt; Type: TABLE; Schema: public; Owner: aladin
--

CREATE TABLE public.projekt (
    "PNAME" character varying(32),
    "PNR" integer NOT NULL,
    "P_BESCHR" character varying(1024),
    "P_LEITER" integer NOT NULL
);


ALTER TABLE public.projekt OWNER TO aladin;

--
-- Data for Name: ang_pro; Type: TABLE DATA; Schema: public; Owner: aladin
--

COPY public.ang_pro ("PROZ_ARB", "PNR", "ANGNR") FROM stdin;
50	7	336
2	50	27
100	21	397
3	43	341
5	22	170
0	47	238
31	15	219
8	39	357
4	37	452
6	23	79
54	2	492
1	48	224
0	11	12
11	23	143
20	23	400
7	13	398
21	46	395
57	43	299
27	9	29
60	24	247
9	41	419
6	36	341
2	30	146
18	50	93
8	4	161
11	16	285
73	2	392
38	28	494
11	31	287
93	15	223
2	44	494
97	13	422
14	26	66
4	35	367
8	17	204
48	9	127
76	37	420
35	7	22
10	13	199
11	19	424
98	12	95
0	20	454
77	2	454
0	33	201
34	49	331
13	33	168
22	8	417
72	13	471
9	34	415
40	8	282
11	38	172
21	30	39
0	28	415
0	47	293
23	34	300
5	14	57
1	22	358
12	28	215
21	47	74
30	29	205
14	38	19
13	6	184
9	33	476
2	50	279
42	15	468
0	32	150
20	31	476
2	48	213
35	48	267
62	1	146
6	33	414
5	44	433
1	12	317
19	22	403
0	23	161
79	16	246
91	17	51
0	27	233
75	17	156
0	29	64
1	34	396
15	9	71
22	29	282
46	9	302
74	23	435
8	41	226
81	1	369
6	50	217
8	16	262
5	34	38
1	46	143
7	20	176
1	49	292
11	36	256
65	6	365
38	34	255
31	29	270
0	38	64
67	21	106
11	21	57
32	47	105
13	37	188
49	23	125
5	35	334
0	34	430
18	41	478
1	9	141
0	21	426
0	4	234
24	15	148
59	5	213
41	17	445
100	34	216
54	21	493
36	14	273
0	10	345
54	30	447
0	38	490
1	10	227
97	1	126
65	12	100
25	31	77
15	9	163
30	4	157
74	5	416
7	12	92
0	41	166
0	24	90
4	16	220
60	45	61
100	29	124
44	1	82
0	35	468
16	40	187
3	33	131
57	36	469
0	10	288
4	44	392
54	22	62
48	7	26
54	13	45
31	4	365
8	10	129
52	24	1
0	41	180
0	33	391
66	24	327
71	1	54
2	49	389
1	36	20
0	20	80
8	30	63
4	48	106
15	31	347
12	48	214
26	31	241
0	40	80
1	45	358
0	47	292
53	38	297
1	26	396
14	44	32
33	7	84
10	46	219
0	43	494
66	35	439
24	22	78
0	47	266
76	25	448
14	2	338
1	24	88
44	3	18
71	1	39
1	45	166
14	41	469
0	45	136
56	23	450
3	48	10
1	38	412
2	20	295
3	48	85
11	42	287
1	48	490
25	7	412
2	46	140
99	20	294
0	41	283
53	22	354
0	17	378
50	4	266
3	41	45
4	21	480
0	8	89
44	22	53
1	46	312
73	3	38
5	42	426
33	13	35
0	25	248
79	1	462
77	24	300
65	24	412
81	2	371
8	41	342
10	43	226
1	31	372
10	10	467
19	16	125
13	5	371
1	50	112
7	20	32
22	45	484
2	36	25
57	48	118
5	10	310
14	32	369
1	26	387
31	8	248
20	49	109
0	41	81
5	3	440
1	20	197
6	17	414
99	6	28
13	44	343
13	9	266
7	20	183
1	47	359
6	24	143
25	45	400
50	44	406
18	20	392
63	3	375
1	44	138
8	30	407
15	50	349
0	41	500
100	5	165
6	25	359
5	50	315
0	23	322
71	8	104
48	10	262
0	43	467
0	47	452
16	9	407
1	45	28
2	35	301
2	30	143
2	37	92
2	41	184
0	43	106
66	41	229
99	4	64
25	27	332
51	4	372
3	24	154
1	29	106
0	14	136
1	44	148
74	10	415
14	18	125
25	41	336
0	44	8
16	35	5
1	39	266
1	30	81
7	31	188
0	32	62
4	35	303
3	42	27
99	1	222
9	40	60
46	14	324
61	31	460
3	48	50
2	33	350
0	44	345
1	48	136
1	3	116
65	29	267
16	43	53
2	14	456
16	46	1
1	41	467
5	33	361
2	32	442
3	2	472
0	37	71
6	22	339
10	38	150
96	4	277
4	28	62
43	4	176
71	37	72
13	7	168
62	3	6
60	6	145
48	18	292
31	41	14
9	21	351
23	5	443
5	22	384
76	9	183
6	11	226
1	18	487
0	25	222
43	26	353
0	35	164
0	28	292
23	31	131
11	3	81
7	17	37
38	3	456
0	34	348
0	36	409
83	1	31
14	25	52
25	23	443
2	39	476
0	45	207
39	3	145
4	38	293
1	25	138
2	37	148
28	36	362
4	27	348
1	36	104
30	16	315
2	41	383
58	1	472
53	6	329
0	26	242
0	37	437
61	15	301
42	5	75
1	49	409
3	25	69
64	5	164
21	39	489
12	28	248
9	27	190
17	46	37
0	30	89
1	32	462
52	41	461
14	27	315
91	4	490
2	38	147
4	23	240
57	20	359
6	26	368
17	30	423
20	2	168
42	2	77
10	19	264
36	19	35
90	40	199
0	25	28
3	33	119
1	25	213
0	36	156
1	50	71
4	45	161
0	25	378
12	22	63
59	15	147
0	31	430
100	16	68
8	33	114
76	47	79
69	13	362
95	9	358
43	42	355
47	1	2
73	2	344
1	50	394
11	21	372
74	26	346
6	34	298
0	34	387
12	16	238
0	43	466
1	19	19
46	30	273
6	32	203
2	33	412
10	9	487
23	33	351
96	34	325
79	16	74
2	36	97
48	26	388
27	3	42
76	50	481
29	21	429
13	6	93
5	20	441
0	17	288
1	48	435
97	1	268
98	2	307
2	11	500
5	31	389
8	32	109
84	13	305
4	10	86
0	17	80
53	17	2
37	34	67
71	4	338
3	17	78
0	21	378
19	36	32
38	6	411
51	16	184
1	21	459
2	39	106
26	9	383
1	50	238
7	46	53
72	6	487
0	22	473
6	47	23
44	10	323
0	34	487
13	36	148
1	48	466
5	14	366
2	27	95
0	33	282
2	34	50
2	36	253
1	50	470
17	7	192
33	31	310
3	21	129
1	44	123
1	42	415
42	3	345
3	44	134
44	24	8
3	50	46
0	16	317
0	36	222
1	49	222
40	12	329
1	36	367
30	22	195
10	4	164
2	27	308
68	12	134
31	8	142
42	26	204
5	37	161
67	12	240
100	36	457
4	18	77
7	40	32
37	6	14
76	18	52
30	47	175
7	20	281
66	6	332
66	41	438
2	42	82
33	31	360
34	31	439
1	49	156
3	14	409
35	20	316
43	5	261
1	46	276
33	11	119
80	47	221
28	15	265
13	1	232
26	40	211
0	36	403
29	21	208
97	2	154
2	31	312
2	36	164
8	38	188
1	24	389
1	48	473
49	5	265
48	30	323
52	16	494
89	9	220
36	16	119
52	31	443
2	31	343
34	30	205
1	16	80
1	14	29
32	48	286
66	2	429
3	10	44
88	4	386
1	48	208
54	27	239
1	42	469
9	25	297
1	27	402
75	10	442
42	13	200
78	9	187
24	28	437
19	24	82
7	48	433
24	44	390
29	21	485
54	47	114
8	49	433
63	16	208
23	32	465
35	48	98
0	22	447
80	3	155
4	34	345
16	36	444
13	18	201
10	7	444
5	33	87
10	29	166
41	28	253
4	21	22
4	23	496
13	7	159
60	5	285
23	25	255
8	31	407
12	37	441
2	42	122
24	8	284
51	11	292
68	15	105
2	40	242
97	20	46
92	33	258
13	2	237
2	35	478
21	4	90
44	26	339
6	48	353
7	17	18
89	6	190
41	3	281
5	9	467
1	48	452
12	20	211
0	32	356
3	21	52
7	15	104
0	42	475
3	22	362
21	4	141
2	8	209
20	6	311
34	48	210
11	26	31
2	21	417
100	39	212
11	49	297
0	36	345
2	49	358
0	15	122
1	18	374
1	46	414
51	16	405
9	14	452
21	2	234
0	36	48
68	13	395
0	38	268
65	22	142
12	7	119
0	24	230
48	4	390
53	43	352
36	41	36
1	16	301
0	26	208
22	31	293
0	9	417
15	6	403
5	37	482
11	39	183
21	44	99
8	33	303
45	28	385
20	50	10
46	12	493
82	2	207
100	43	428
87	10	94
32	22	283
1	20	207
6	8	160
2	18	386
1	23	172
1	46	434
0	31	290
32	3	269
0	26	136
11	36	448
0	10	64
4	13	430
23	17	470
3	48	97
4	11	373
2	31	329
76	10	37
0	42	490
3	45	329
24	29	6
91	11	333
35	33	244
0	35	500
2	44	384
1	1	395
20	16	62
3	39	360
0	43	113
18	43	273
10	31	484
4	1	321
44	15	403
2	25	243
42	1	399
3	44	81
8	3	8
100	41	401
40	42	196
50	2	63
3	5	317
31	15	20
36	4	383
43	39	302
16	8	305
75	8	350
100	21	17
17	46	109
10	13	462
3	10	144
49	12	424
42	25	452
7	8	162
6	33	97
15	39	43
51	5	161
16	15	203
15	29	290
26	23	176
77	34	5
13	30	322
34	9	450
62	2	50
1	34	285
2	28	499
44	39	280
27	2	297
51	1	489
0	19	263
67	5	112
1	12	472
19	42	436
1	27	62
7	37	172
0	40	454
0	39	454
18	34	334
2	46	200
6	46	281
17	49	256
18	49	153
25	6	449
38	40	96
7	13	265
30	11	19
76	41	326
3	46	357
11	23	3
2	23	365
0	30	90
6	44	140
1	30	12
0	42	243
0	12	20
3	5	338
31	22	245
0	38	391
5	5	346
2	26	475
95	7	430
30	45	245
4	50	49
34	32	398
7	10	299
3	41	209
72	33	256
9	45	38
2	3	461
19	7	344
24	13	481
3	32	85
28	3	472
0	34	318
100	14	179
93	3	320
62	35	465
0	42	392
5	11	392
62	17	495
8	44	189
5	25	147
0	39	203
72	3	410
7	36	375
32	31	1
0	29	271
7	13	490
81	33	85
5	41	368
0	37	123
1	39	370
37	8	23
95	10	373
14	32	16
14	12	295
24	10	202
35	4	196
3	49	347
2	44	218
47	17	352
9	22	51
5	2	416
0	33	113
0	28	344
1	43	13
5	43	302
50	18	385
2	13	86
11	22	164
0	25	162
0	37	106
28	30	342
6	10	183
52	3	32
1	44	184
40	6	478
16	28	112
64	30	44
34	2	76
3	36	285
1	31	320
7	18	293
86	6	288
9	48	399
2	29	128
1	35	415
88	7	251
46	12	153
30	30	331
95	17	123
11	33	180
0	28	80
23	40	380
5	29	249
10	5	470
14	16	464
43	13	19
0	43	164
34	12	211
10	3	315
0	37	23
3	30	97
6	41	213
2	42	396
5	3	412
29	17	215
1	50	64
28	6	469
21	13	407
3	9	217
65	2	394
2	23	194
1	23	338
1	34	29
82	15	197
0	14	95
36	8	269
1	32	83
0	44	500
9	39	390
41	10	244
4	44	239
33	40	205
52	13	181
46	32	298
37	24	137
59	4	441
20	6	193
6	28	309
2	46	131
8	9	270
5	34	101
1	37	342
34	10	497
70	3	347
9	42	375
5	32	115
3	23	88
4	48	323
37	44	498
2	40	404
3	20	470
29	14	407
9	6	144
43	7	185
32	26	213
55	23	149
9	40	450
1	46	164
2	50	476
11	2	410
3	17	29
100	34	107
33	11	399
19	32	337
56	17	280
91	40	431
90	1	458
1	45	238
1	48	329
1	20	201
1	8	482
1	19	223
61	15	459
3	9	130
2	47	376
9	2	458
3	41	465
4	37	444
2	27	24
89	5	368
61	38	270
30	47	361
28	27	337
6	30	359
3	47	158
41	19	25
50	15	15
17	4	317
17	35	180
25	25	168
21	28	181
1	3	268
12	12	113
1	43	166
7	45	211
2	28	54
36	14	480
97	44	158
2	48	209
28	21	471
12	32	416
45	8	204
24	21	240
19	14	249
0	29	437
66	6	473
30	40	184
5	22	48
94	5	242
82	6	366
88	35	291
69	8	479
39	43	66
30	35	293
63	16	496
1	49	374
25	35	423
8	46	411
74	43	252
3	21	377
2	22	387
46	24	461
2	21	318
0	34	321
20	25	61
26	27	67
42	1	480
73	47	418
69	11	341
85	32	227
1	23	367
0	32	10
5	24	108
58	7	148
16	37	475
23	19	334
71	5	81
2	8	454
15	49	79
29	8	237
8	14	333
25	11	189
27	24	24
20	12	441
0	11	344
32	6	69
24	12	282
40	47	335
8	21	197
11	43	298
97	4	103
0	37	213
100	29	289
8	22	121
12	25	108
92	2	86
1	47	345
30	4	321
36	3	83
22	37	30
17	12	345
3	45	427
1	50	500
1	43	40
100	30	117
94	6	367
76	33	274
3	33	366
13	8	85
0	10	28
1	48	387
4	32	240
1	47	130
49	41	314
4	44	57
9	35	173
42	36	180
81	14	414
0	21	458
84	46	491
0	43	419
43	5	8
87	18	47
2	43	144
91	23	488
22	8	189
2	21	16
14	41	44
38	45	11
1	32	271
19	14	168
75	23	483
63	5	130
1	50	145
0	42	344
9	50	499
50	19	321
29	7	243
12	13	271
18	3	266
32	7	492
2	19	214
46	7	447
1	37	413
36	48	434
0	6	64
62	50	96
1	22	490
4	20	418
1	20	138
25	31	137
24	39	420
0	39	213
3	38	93
19	14	104
2	42	86
23	3	444
8	10	426
0	11	458
0	2	431
20	25	404
2	49	325
2	47	243
6	48	102
97	22	432
13	20	221
18	33	149
0	44	407
72	6	171
2	17	365
7	45	78
53	47	237
8	38	494
2	9	346
0	31	24
1	47	333
60	17	335
1	41	151
5	15	284
61	16	241
22	17	433
37	16	13
75	21	264
1	38	325
0	35	207
40	37	440
1	39	373
0	19	222
9	14	169
14	37	360
9	31	314
12	24	164
100	17	228
24	5	359
25	12	131
0	9	64
2	49	143
1	50	236
7	10	206
100	1	408
47	20	66
8	2	310
51	8	231
3	26	374
1	50	8
0	30	104
3	45	120
3	34	492
100	6	55
14	29	304
93	3	279
39	16	460
50	49	15
13	3	498
1	18	156
36	16	318
0	37	394
26	24	35
20	8	61
15	33	355
7	29	386
51	36	120
12	31	321
67	49	230
35	26	419
1	32	499
97	19	413
2	32	410
0	39	207
33	21	78
7	49	225
3	43	452
9	30	348
14	19	73
1	50	268
0	29	207
37	21	452
43	14	296
43	24	118
78	1	41
1	44	282
17	6	203
17	19	71
43	32	310
28	6	70
14	25	301
0	39	318
70	34	175
1	48	266
0	43	450
8	4	232
83	9	80
22	13	42
5	18	12
34	9	147
2	17	134
19	31	353
2	50	128
15	26	415
0	43	52
3	25	160
52	50	26
0	37	480
5	34	237
5	23	134
9	27	416
5	50	350
9	32	489
0	46	156
30	39	398
90	8	500
16	3	252
0	18	155
0	13	160
67	36	284
32	3	130
3	41	402
16	26	62
2	16	376
34	26	438
0	40	472
21	49	232
2	31	47
7	48	310
6	29	446
24	18	331
57	41	30
6	39	168
59	42	219
49	34	231
14	16	314
0	36	369
9	39	244
8	4	171
58	1	75
16	27	409
2	23	385
86	10	322
25	45	464
38	32	459
15	5	233
34	34	115
26	37	203
22	16	134
6	29	370
8	22	106
8	21	258
0	44	452
2	17	128
1	7	307
0	10	444
4	33	251
3	15	81
37	26	312
4	29	121
4	36	239
20	30	115
0	17	28
42	40	200
6	36	266
7	5	262
100	33	257
86	24	499
14	26	41
1	23	458
84	10	272
34	2	327
0	6	416
1	5	32
0	44	430
50	4	370
12	29	261
86	10	238
2	30	243
1	47	80
19	21	346
0	37	222
81	7	133
0	48	394
28	6	135
2	45	225
5	36	149
63	17	434
7	27	220
1	49	417
0	9	145
75	45	202
14	2	247
20	44	157
5	40	47
58	40	423
36	5	345
100	23	191
66	20	497
1	41	317
18	38	82
6	48	149
2	36	90
1	16	283
93	13	384
2	16	224
47	26	226
16	14	193
13	2	448
1	47	467
9	8	431
60	50	177
14	2	185
0	16	271
0	32	383
69	3	166
2	44	269
17	19	480
11	34	474
0	20	122
0	29	138
89	1	482
0	38	410
26	5	232
74	46	463
8	36	360
17	47	189
3	20	396
58	11	3
1	34	282
19	17	210
18	9	56
32	36	14
0	28	434
1	38	97
22	2	196
4	38	321
78	25	141
0	42	399
65	28	98
0	22	268
8	32	206
100	15	393
59	14	128
3	43	103
3	21	184
67	21	71
4	3	253
15	28	264
43	47	45
2	49	293
1	18	268
51	45	275
4	18	314
13	9	308
5	49	251
21	25	211
89	3	474
15	26	56
25	41	276
74	17	276
1	46	344
70	23	328
88	37	235
0	30	226
0	30	183
50	1	20
59	13	29
34	27	229
10	23	90
17	43	121
1	18	358
0	47	136
33	39	230
2	29	495
47	46	364
19	38	226
5	15	379
0	22	470
3	42	419
1	46	413
0	18	317
0	34	41
14	4	20
0	21	430
86	12	348
4	41	39
0	37	317
2	42	92
0	30	288
44	3	312
1	39	295
0	45	130
0	14	337
5	33	52
7	41	203
41	5	115
5	9	41
30	34	400
22	5	417
26	19	16
2	45	27
6	49	160
47	12	361
0	12	382
0	30	208
6	17	187
1	43	475
74	4	467
82	32	73
94	15	102
80	26	290
21	24	326
1	33	404
18	27	476
1	47	162
30	38	269
64	2	225
16	41	399
23	33	418
0	17	64
16	16	380
5	47	290
29	32	22
93	29	27
1	46	242
13	47	171
3	31	369
2	35	246
25	29	483
29	4	180
61	4	380
98	4	330
0	12	480
9	7	197
1	42	388
51	47	209
7	20	143
51	4	464
60	6	13
10	7	129
19	22	246
12	48	375
5	29	421
0	25	333
9	6	488
18	20	232
16	19	112
4	49	78
4	38	441
95	2	377
2	24	404
0	40	374
0	13	317
0	35	13
1	47	322
7	29	221
16	43	87
8	36	486
95	5	391
15	1	262
23	27	261
27	19	473
0	30	404
24	24	274
2	37	385
81	45	382
0	46	113
5	36	62
42	29	209
33	4	83
20	26	299
6	26	320
0	39	64
55	7	121
23	6	156
18	42	403
0	37	373
37	12	298
1	19	185
0	27	238
83	32	7
92	46	486
32	43	22
65	17	254
4	9	284
64	1	466
40	24	177
6	48	31
1	19	89
40	25	478
17	43	489
0	36	112
68	1	24
22	20	341
0	33	164
84	9	224
80	7	57
47	23	421
85	15	163
6	16	88
1	33	385
2	37	499
5	28	204
29	12	78
3	30	20
27	8	33
0	38	50
1	9	312
19	37	364
2	36	13
72	48	70
16	13	121
38	24	381
14	19	200
53	1	334
17	4	407
42	26	360
33	49	349
25	50	484
100	42	425
29	43	436
1	50	226
17	13	437
0	43	71
0	11	378
0	3	201
27	11	479
7	22	208
16	25	261
71	47	34
95	8	379
15	24	244
2	39	412
4	22	19
1	40	301
6	33	388
0	7	268
83	9	192
0	30	108
2	41	108
0	33	376
5	50	35
4	29	8
4	50	169
4	38	465
43	20	16
13	41	495
60	28	169
0	37	410
9	17	76
4	18	387
0	14	113
38	34	137
81	8	308
2	39	338
0	44	473
41	7	370
34	22	364
4	14	142
1	41	372
9	43	146
1	45	48
49	23	99
0	15	129
3	33	42
15	6	149
1	49	356
25	29	400
47	23	131
7	25	9
3	13	207
1	47	410
0	43	312
1	33	334
4	37	403
22	17	424
12	7	207
87	9	113
80	4	303
50	28	456
3	14	432
0	18	330
41	18	135
0	36	52
3	35	242
80	3	409
7	12	500
50	39	498
2	41	288
85	16	97
0	24	123
45	6	419
1	45	50
6	4	89
10	20	464
1	48	487
19	15	155
17	7	83
1	45	430
1	49	113
1	47	405
0	38	480
99	15	151
1	38	437
10	3	366
1	21	243
0	13	378
0	41	322
2	9	299
29	44	34
64	9	243
63	9	470
3	25	285
52	10	286
34	6	182
47	40	210
78	6	92
91	1	402
0	45	112
4	45	323
1	15	202
50	37	339
86	9	304
0	28	342
0	26	480
0	20	103
9	39	226
36	2	153
2	43	148
14	43	468
26	49	181
66	36	182
81	19	172
0	17	268
16	17	82
1	18	93
32	17	372
1	37	146
25	42	336
78	2	317
66	15	88
94	5	12
4	37	73
4	8	9
15	39	16
3	13	326
22	1	11
83	24	340
2	50	207
28	12	189
11	22	266
0	27	213
1	7	126
0	28	64
50	30	406
97	9	138
4	19	162
1	46	330
46	16	23
29	16	398
59	49	215
36	5	65
19	26	390
77	2	40
81	6	108
100	34	4
0	44	359
0	13	458
1	8	263
92	2	387
42	26	355
7	2	114
1	48	201
7	37	144
75	22	449
78	13	287
0	41	162
1	1	218
2	38	54
38	3	239
11	21	492
26	28	100
0	45	480
27	42	477
0	39	35
38	26	315
86	4	214
64	1	193
2	32	426
60	3	84
58	23	437
47	26	444
8	21	19
0	33	492
4	31	391
15	12	69
29	38	254
16	41	265
29	26	72
9	37	375
2	22	233
100	7	278
12	18	136
99	4	378
18	40	125
9	24	332
6	44	223
1	26	40
88	9	309
10	50	36
0	22	430
31	23	33
54	5	324
92	3	89
4	44	308
8	18	253
100	46	453
21	46	87
2	44	446
7	14	271
97	24	218
21	25	30
1	24	126
46	48	281
9	23	100
0	36	430
2	13	38
49	1	337
0	24	283
51	2	93
39	42	296
47	23	42
1	39	123
73	21	311
54	4	411
1	34	394
13	45	241
6	35	371
1	5	181
47	48	354
4	2	39
0	18	113
14	37	299
96	6	376
0	36	387
1	11	130
0	39	268
98	6	194
2	36	340
15	13	487
58	8	87
0	26	279
52	42	127
1	47	236
11	31	38
21	39	114
3	34	422
22	49	275
1	47	82
29	19	77
11	46	421
13	13	83
42	50	381
1	34	24
0	6	458
54	39	49
19	11	40
6	39	146
98	14	236
18	41	9
1	49	450
0	38	143
35	46	351
90	4	217
7	8	472
0	44	166
1	41	89
0	21	136
1	39	325
52	1	417
14	27	410
100	32	111
7	34	171
4	45	29
7	32	311
3	4	427
0	44	156
49	1	476
85	5	43
21	19	426
2	33	248
100	26	306
71	20	9
11	10	92
11	24	36
1	31	413
31	47	135
10	23	225
81	25	475
6	33	435
10	38	253
23	6	495
1	16	126
4	5	337
100	9	167
4	4	168
2	43	190
73	4	477
77	21	10
3	41	251
1	45	454
1	15	217
92	45	446
3	21	123
13	27	340
4	9	356
2	44	52
14	19	133
0	24	46
11	31	23
19	22	382
26	6	65
1	32	378
0	35	123
0	37	388
39	3	255
87	12	136
12	8	288
52	8	436
5	32	29
17	31	225
0	47	329
3	12	93
1	27	467
2	21	40
8	46	419
0	36	317
6	22	206
6	22	254
6	20	119
0	40	148
98	4	122
85	20	343
99	31	116
85	13	201
67	8	56
6	26	359
86	27	250
41	5	249
3	48	41
12	34	347
100	35	198
0	24	356
79	3	129
95	10	374
0	45	350
12	31	235
19	40	44
0	7	377
18	20	361
91	30	60
4	29	452
2	26	24
79	7	206
6	5	309
18	26	296
0	24	208
78	15	150
12	42	331
94	5	101
23	47	442
18	8	76
6	23	424
21	24	349
90	31	427
2	31	340
16	36	286
25	3	54
78	3	233
16	34	272
10	2	456
11	41	328
6	37	3
66	17	283
26	14	247
3	5	47
14	31	232
26	9	463
40	42	11
1	28	263
11	8	93
57	16	25
3	26	405
6	47	261
30	47	63
30	9	353
0	21	89
25	40	65
1	45	307
18	31	350
15	12	195
3	41	472
61	6	318
7	11	81
60	6	404
3	25	47
59	35	445
3	45	315
37	31	455
9	43	338
4	30	479
3	28	426
0	38	102
18	35	195
11	5	185
1	48	480
13	13	224
0	41	344
7	8	344
15	36	176
19	45	328
33	23	466
43	13	120
42	10	33
34	50	363
0	30	378
4	37	310
1	37	402
33	35	53
34	20	249
35	4	109
5	14	279
20	29	146
0	45	500
0	36	287
2	33	377
53	37	485
1	49	391
1	24	84
7	47	65
35	20	253
37	42	421
82	2	389
10	41	114
72	13	188
8	49	465
63	19	342
1	48	318
12	19	282
2	25	466
1	49	180
27	29	169
1	18	20
16	14	491
63	41	455
32	24	426
9	48	262
24	14	88
4	23	402
0	32	224
1	39	487
43	10	36
6	28	473
10	8	389
1	18	294
8	17	467
82	11	295
0	39	383
0	33	225
1	46	407
87	23	159
93	17	396
1	38	149
37	18	195
4	48	144
0	12	263
0	43	180
0	36	473
10	33	395
20	10	381
0	18	145
4	14	84
35	6	128
13	47	94
1	39	417
43	42	484
0	39	283
2	46	489
0	27	224
2	17	84
26	3	263
67	10	160
12	22	349
10	37	119
33	48	496
58	32	433
25	16	3
5	40	133
33	8	351
31	48	185
50	41	69
79	26	234
6	30	65
6	48	302
4	42	372
0	33	81
18	11	485
10	26	252
42	44	49
66	3	170
72	1	263
80	12	271
5	50	233
92	33	140
45	15	388
0	38	475
1	8	330
14	20	6
2	48	369
3	43	120
0	35	373
8	29	48
91	4	173
100	13	260
0	19	430
88	5	162
3	38	205
49	8	18
2	22	394
95	10	356
4	34	427
50	39	157
18	15	435
4	21	277
32	13	50
18	27	106
15	27	404
24	29	314
1	22	203
0	31	261
67	12	90
29	6	426
100	32	139
1	24	249
5	14	482
15	11	80
18	22	160
42	16	357
8	11	303
12	31	150
37	24	67
0	30	373
3	18	196
29	27	170
17	30	7
15	10	312
100	36	313
20	1	109
6	49	414
12	12	291
30	47	99
0	41	266
100	35	186
13	4	262
22	12	285
2	23	104
19	9	349
0	11	173
1	47	283
31	9	394
1	2	101
1	24	329
19	22	166
0	26	417
100	44	451
14	21	250
7	3	5
10	15	462
1	38	348
55	9	248
36	28	383
1	25	42
1	37	155
27	16	275
5	7	429
45	15	405
71	8	143
0	30	238
3	28	386
35	17	293
3	48	79
27	5	203
86	12	48
1	45	240
2	26	370
1	50	435
21	11	301
39	33	76
44	12	468
32	19	161
14	15	227
2	37	353
4	21	81
20	7	454
12	22	424
75	7	144
1	46	295
0	35	307
0	28	123
0	44	318
47	14	357
65	1	316
55	39	440
0	24	371
39	30	245
9	12	176
66	39	363
\.


--
-- Data for Name: angest; Type: TABLE DATA; Schema: public; Owner: aladin
--

COPY public.angest ("ANGNR", "NAME", "WOHNORT", "BERUF", "GEHALT", "ABTNR") FROM stdin;
1	Nako	Hagen	Systemadministrator	3231	19
2	Scotney	Marburg	Programmierer	3038	9
3	Harolson	Marburg	Programmierer	4574	23
4	Tonju	Remscheid	Netzwerkadministrator	1762	13
5	Kree	Karlsruhe	Programmierer	3236	15
6	Duclos	Solingen	Systemadministrator	3267	7
7	Gerritt	Marburg	Systemadministrator	2733	10
8	Senteria	Herne	Systemadministrator	2176	2
9	Justa	Essen	Programmierer	4933	8
10	Bulley	Essen	Systemanalytiker	4236	16
11	Bozovich	Essen	Systemanalytiker	2668	3
12	Ünal	Witten	Programmierer	1599	3
13	Patrickjames	Remscheid	Systemadministrator	3349	9
14	Shawdae	Dortmund	Netzwerkadministrator	4921	21
15	Felipedejesus	Essen	Netzwerkadministrator	2003	1
16	Kaisean	Dortmund	Systemadministrator	3683	5
17	Hermania	Bochum	Programmierer	2692	8
18	Emmie-lou	Herne	Programmierer	3137	23
19	Wila	Karlsruhe	Programmierer	1918	15
20	Marchel	Essen	Systemanalytiker	2794	14
21	Rusko	Essen	Systemadministrator	2832	3
22	Pamelyn	Herne	Netzwerkadministrator	3423	16
23	Hektoras	Marburg	Systemadministrator	2270	16
24	Mckinzie	Solingen	Programmierer	4155	6
25	Varazdat	Karlsruhe	Programmierer	4221	2
26	Brinkman	Dortmund	Programmierer	4273	23
27	Mcgahen	Hagen	Programmierer	2849	10
28	Osrock	Solingen	Systemanalytiker	2764	24
29	Brichelle	Solingen	Netzwerkadministrator	1597	10
30	Mavryk	Marburg	Netzwerkadministrator	3087	10
31	Yeiri	Solingen	Systemadministrator	2817	21
32	Arnstein	Remscheid	Programmierer	3992	15
33	Devyn	Dortmund	Netzwerkadministrator	2044	22
34	Enola-jo	Essen	Programmierer	2420	2
35	Deadwyler	Solingen	Systemadministrator	3714	3
36	Geerlien	Herne	Programmierer	3866	19
37	Gwendloyn	Remscheid	Systemanalytiker	2905	21
38	Shizuka	Karlsruhe	Systemadministrator	1725	20
39	Angelicamaria	Dortmund	Systemanalytiker	1543	7
40	Cintron-resto	Bochum	Netzwerkadministrator	2972	4
41	Vyshnavi	Herne	Netzwerkadministrator	4462	1
42	Tolentino	Remscheid	Systemanalytiker	2332	5
43	Outhouse/barrymore	Bochum	Netzwerkadministrator	4148	8
44	Calvary	Bochum	Systemadministrator	2096	3
45	Braijon	Hagen	Systemanalytiker	1576	19
46	Heero	Essen	Systemanalytiker	4266	19
47	erifa	Solingen	Programmierer	2346	13
48	Tjitske	Remscheid	Programmierer	4858	13
49	Elvedin	Remscheid	Systemadministrator	4128	18
50	Quadair	Herne	Systemadministrator	3148	8
51	Anouska	Remscheid	Systemadministrator	2173	7
52	Skyla-jai	Herne	Systemadministrator	4823	1
53	Keshini	Dortmund	Netzwerkadministrator	4766	3
54	Kimilee	Essen	Programmierer	3449	7
55	Irmengild	Essen	Programmierer	1713	4
56	Denim	Witten	Systemanalytiker	1623	15
57	Deima	Solingen	Programmierer	1505	15
58	Zyasia	Essen	Programmierer	1869	23
59	Denaija	Witten	Systemadministrator	2777	24
60	Darnise	Bochum	Systemadministrator	3115	16
61	Edema	Hagen	Programmierer	4149	10
62	Scheck	Essen	Programmierer	1887	21
63	Liberis	Remscheid	Programmierer	4710	11
64	Pons	Hagen	Programmierer	1628	10
65	Agurne	Essen	Netzwerkadministrator	2915	15
66	Kinne	Solingen	Systemadministrator	3372	11
67	Aubrianne	Witten	Netzwerkadministrator	3104	24
68	Meahan	Hagen	Netzwerkadministrator	4105	3
69	Faiq	Bochum	Netzwerkadministrator	1688	7
70	Nidhi	Dortmund	Netzwerkadministrator	3666	6
71	Kaljopa	Karlsruhe	Systemanalytiker	3111	17
72	Quynh	Marburg	Netzwerkadministrator	4048	19
73	Lola-jayne	Dortmund	Systemadministrator	3073	9
74	Fraley	Marburg	Programmierer	2617	9
75	Pavelle	Remscheid	Systemanalytiker	4851	14
76	Salina	Solingen	Systemanalytiker	1946	12
77	Elisa	Karlsruhe	Netzwerkadministrator	4732	17
78	Jones/wilkins	Solingen	Programmierer	4460	20
79	Dearrius	Hagen	Systemadministrator	3433	21
80	Raquell	Solingen	Systemanalytiker	3949	3
81	Kyairah	Karlsruhe	Systemanalytiker	2377	2
82	Schiff	Herne	Programmierer	3429	1
83	Jamerial	Hagen	Programmierer	4419	16
84	Wesle	Herne	Programmierer	3285	14
85	Addysan	Essen	Systemanalytiker	4273	5
86	Gollman	Solingen	Programmierer	4456	3
87	Deeanna	Witten	Netzwerkadministrator	4103	20
88	Beena	Marburg	Systemanalytiker	1519	21
89	Saunderson	Dortmund	Netzwerkadministrator	3550	18
90	Martavius	Solingen	Programmierer	2711	7
91	Ephrona	Hagen	Netzwerkadministrator	2340	6
92	Kalanie	Marburg	Systemanalytiker	2387	18
93	Tessibel	Bochum	Systemadministrator	4289	12
94	Wieren	Hagen	Systemanalytiker	2749	20
95	Laziyah	Witten	Systemanalytiker	4158	13
96	Macara	Herne	Systemadministrator	4711	11
97	Jaiveon	Essen	Systemadministrator	1606	23
98	Modechai	Herne	Programmierer	1638	4
99	Abraheem	Essen	Systemanalytiker	3426	21
100	Jacobo	Karlsruhe	Netzwerkadministrator	4981	21
101	Riquelme	Bochum	Programmierer	2019	3
102	Valtin	Essen	Netzwerkadministrator	2732	18
103	Corrisa	Remscheid	Programmierer	2371	16
104	Tresean	Remscheid	Netzwerkadministrator	3237	8
105	Ladine	Marburg	Systemanalytiker	2817	7
106	Eileen	Bochum	Systemanalytiker	2940	20
107	Lyzah	Marburg	Systemadministrator	2634	20
108	Chessie	Essen	Programmierer	3707	15
109	Daneel	Herne	Systemadministrator	2540	8
110	Ibtissem	Witten	Programmierer	3509	17
111	Josheua	Remscheid	Systemanalytiker	1962	17
112	Magny	Solingen	Netzwerkadministrator	2693	6
113	Ceryss	Witten	Netzwerkadministrator	4823	2
114	Gachot	Witten	Systemanalytiker	2872	17
115	Emonee	Dortmund	Netzwerkadministrator	3948	10
116	Yosgarth	Marburg	Systemadministrator	4078	4
117	Xhelal	Dortmund	Systemanalytiker	1901	3
118	Sackville	Remscheid	Programmierer	2382	17
119	Akeshia	Remscheid	Netzwerkadministrator	2768	1
120	Tashanda	Hagen	Programmierer	4992	24
121	Genean	Herne	Programmierer	3385	20
122	Ingris	Essen	Programmierer	4604	14
123	Janeiry	Karlsruhe	Netzwerkadministrator	4361	12
124	Samima	Karlsruhe	Systemadministrator	4755	6
125	Warrenetta	Dortmund	Systemadministrator	4870	9
126	Hadley	Marburg	Netzwerkadministrator	1813	23
127	Adika	Essen	Systemanalytiker	2085	20
128	Asiel	Solingen	Systemanalytiker	4866	17
129	Ardyn	Witten	Netzwerkadministrator	3391	6
130	Gursimar	Witten	Programmierer	1754	12
131	Modesta	Dortmund	Netzwerkadministrator	4750	3
132	Raschelle	Solingen	Systemanalytiker	3153	16
133	Teodosia	Solingen	Netzwerkadministrator	2116	1
134	Kulsar	Hagen	Systemadministrator	4393	3
135	Camrie	Bochum	Programmierer	4126	11
136	Kaelah	Witten	Netzwerkadministrator	3653	2
137	Carollyn	Witten	Programmierer	4474	13
138	Loveridge	Marburg	Programmierer	1550	24
139	Geeta	Essen	Programmierer	3543	11
140	Yeab	Dortmund	Netzwerkadministrator	4437	12
141	Pitters	Solingen	Programmierer	3686	2
142	Probber	Dortmund	Systemadministrator	4040	1
143	Jiaya	Witten	Netzwerkadministrator	3111	19
144	Amani	Witten	Systemanalytiker	4648	23
145	Nevaehlee	Dortmund	Systemadministrator	4206	8
146	Coltn	Remscheid	Netzwerkadministrator	4841	2
147	Pentti	Karlsruhe	Programmierer	4436	12
148	Taima	Hagen	Systemadministrator	1904	20
149	Jakiylah	Essen	Systemadministrator	2458	3
150	Alkistis	Karlsruhe	Systemanalytiker	4189	4
151	Cassandry	Essen	Programmierer	4556	18
152	Seager	Remscheid	Systemanalytiker	4104	2
153	Ninos	Hagen	Systemanalytiker	3240	13
154	Miila	Karlsruhe	Systemanalytiker	1767	21
155	Varathan	Marburg	Systemadministrator	1710	20
156	Neriya	Dortmund	Programmierer	3486	11
157	Banky	Herne	Programmierer	3185	9
158	Celaya	Dortmund	Programmierer	3643	5
159	Yanneth	Essen	Netzwerkadministrator	3603	8
160	Charitie	Bochum	Systemadministrator	2798	21
161	Manolete	Remscheid	Netzwerkadministrator	3037	19
162	Tyler-zain	Herne	Systemanalytiker	2932	20
163	Dalanna	Herne	Systemanalytiker	4486	17
164	Kayleh	Hagen	Programmierer	4653	4
165	Nancey	Karlsruhe	Netzwerkadministrator	4245	19
166	Zuma	Witten	Systemadministrator	3927	7
167	Saberio	Essen	Netzwerkadministrator	3400	11
168	Destina	Dortmund	Systemadministrator	4654	11
169	Sarmite	Solingen	Programmierer	3352	17
170	Georgiy	Herne	Systemanalytiker	3706	2
171	Irvin	Dortmund	Systemanalytiker	4260	11
172	Matis	Solingen	Systemanalytiker	2867	18
173	Ibraheem	Marburg	Systemadministrator	2861	15
174	Cyasia	Karlsruhe	Systemadministrator	3042	13
175	Anselmi	Herne	Systemadministrator	1654	17
176	Onufrei	Witten	Systemadministrator	2384	14
177	Aaniylah	Essen	Netzwerkadministrator	2715	4
178	Fulword	Witten	Programmierer	1660	9
179	Luta	Essen	Programmierer	4844	15
180	Criss	Karlsruhe	Systemadministrator	3634	21
181	Diao	Witten	Programmierer	4021	21
182	Bembow	Karlsruhe	Systemadministrator	4187	18
183	Buffum	Witten	Systemadministrator	1604	24
184	Thias	Dortmund	Systemanalytiker	3657	17
185	Durstin	Remscheid	Systemadministrator	1957	4
186	Anarbek	Dortmund	Systemanalytiker	2255	20
187	Huibert	Hagen	Systemadministrator	4026	4
188	Tyesa	Solingen	Systemadministrator	4042	2
189	Martinez-aquilar	Bochum	Systemanalytiker	4096	11
190	Demira	Solingen	Systemanalytiker	2476	23
191	Mellissa	Herne	Systemanalytiker	3980	8
192	Samory	Solingen	Netzwerkadministrator	3726	14
193	Brei	Hagen	Systemanalytiker	3912	7
194	Paigan	Hagen	Netzwerkadministrator	4764	20
195	Crişana	Essen	Programmierer	2269	24
196	Freyia	Bochum	Systemadministrator	3065	19
197	Altine	Hagen	Systemanalytiker	3100	7
198	Solza	Dortmund	Programmierer	3256	15
199	Smithwickjr	Herne	Systemanalytiker	2921	23
200	Katuscha	Herne	Programmierer	4850	8
201	Milosevich	Dortmund	Netzwerkadministrator	1500	3
202	Tarra	Karlsruhe	Systemadministrator	1851	13
203	Adéle	Witten	Netzwerkadministrator	4187	3
204	Navie	Bochum	Systemadministrator	4369	17
205	Mitru	Dortmund	Netzwerkadministrator	1965	15
206	Akheelesh	Essen	Netzwerkadministrator	1601	5
207	Jehius	Karlsruhe	Systemanalytiker	1633	11
208	Gelman	Essen	Netzwerkadministrator	4720	18
209	Dexiree	Remscheid	Systemanalytiker	1692	23
210	Dovan	Solingen	Programmierer	3329	17
211	Jaycii	Witten	Programmierer	2910	2
212	Crisey	Karlsruhe	Netzwerkadministrator	1596	17
213	Chootu	Solingen	Systemanalytiker	4480	18
214	Grabau	Solingen	Systemanalytiker	4939	19
215	Lourita	Hagen	Netzwerkadministrator	2366	3
216	Katiemae	Essen	Programmierer	3602	22
217	Frisina	Dortmund	Systemadministrator	1539	2
218	Hardnett	Witten	Systemanalytiker	4090	18
219	Payzleigh	Witten	Programmierer	3586	20
220	Fisk	Bochum	Programmierer	3995	19
221	Osmel	Hagen	Programmierer	3625	24
222	Drífa	Karlsruhe	Systemadministrator	2098	20
223	Yosyas	Bochum	Netzwerkadministrator	1521	21
224	Mollie-jean	Solingen	Netzwerkadministrator	3882	5
225	Lexcie	Remscheid	Programmierer	3556	9
226	Lynsie	Bochum	Systemadministrator	2283	3
227	Miykael	Essen	Netzwerkadministrator	3675	8
228	Trevar	Herne	Programmierer	4857	3
229	Yoeman	Essen	Programmierer	3152	21
230	Fredrik	Hagen	Systemanalytiker	4159	10
231	Josejuan	Witten	Systemanalytiker	3405	8
232	Makensey	Solingen	Systemanalytiker	3279	4
233	Rayiona	Remscheid	Systemadministrator	2364	20
234	Abomma	Solingen	Programmierer	3515	7
235	Anděla	Solingen	Netzwerkadministrator	2182	4
236	Salómon	Remscheid	Programmierer	4959	19
237	Bekim	Karlsruhe	Programmierer	3739	1
238	Miladinka	Bochum	Programmierer	4854	8
239	Santosha	Witten	Systemadministrator	3911	10
240	Ginessa	Herne	Programmierer	3476	12
241	Aboubakry	Hagen	Systemadministrator	2463	9
242	Usamah	Essen	Programmierer	3281	8
243	Yukilal	Hagen	Systemanalytiker	3528	14
244	Hallsy	Herne	Netzwerkadministrator	1862	13
245	Kataliena	Essen	Systemadministrator	2285	2
246	Rubeena	Essen	Systemadministrator	1997	24
247	Ravindr	Remscheid	Systemanalytiker	3860	18
248	Anslie	Dortmund	Netzwerkadministrator	3927	8
249	Rinat	Remscheid	Systemadministrator	3642	14
250	Esengul	Dortmund	Programmierer	3315	8
251	Rauni	Witten	Systemadministrator	3076	21
252	Zailey	Karlsruhe	Systemadministrator	1931	13
253	Margrieta	Hagen	Systemadministrator	4163	15
254	Aerica	Hagen	Systemadministrator	3627	13
255	Noleen	Herne	Systemadministrator	3024	7
256	Khalessy	Witten	Systemanalytiker	3918	10
257	Betsan	Marburg	Systemadministrator	2849	2
258	Chui	Bochum	Netzwerkadministrator	3579	2
259	Daler	Essen	Programmierer	4492	8
260	Trestyn	Remscheid	Systemanalytiker	4533	4
261	Bourque	Remscheid	Systemadministrator	4089	22
262	Knoble	Solingen	Systemadministrator	2112	17
263	Saedie	Karlsruhe	Netzwerkadministrator	4012	14
264	Tletski	Bochum	Netzwerkadministrator	1852	21
265	Shenade	Herne	Netzwerkadministrator	1533	4
266	Adiy	Witten	Systemadministrator	2306	9
267	Hermione	Marburg	Systemadministrator	2116	21
268	Tiodoro	Solingen	Programmierer	3641	22
269	Norann	Bochum	Netzwerkadministrator	2785	6
270	Lyarra	Bochum	Programmierer	4014	23
271	Kara-yvonne	Witten	Systemadministrator	2756	6
272	Jessup	Karlsruhe	Programmierer	1948	3
273	Lively	Karlsruhe	Systemadministrator	3419	17
274	Aiesrom	Witten	Systemadministrator	4918	22
275	Phoenicia	Herne	Programmierer	1616	2
276	Louit	Herne	Systemadministrator	4061	12
277	Zeneida	Hagen	Systemadministrator	2514	5
278	Jamor	Dortmund	Netzwerkadministrator	1601	17
279	Swayzi	Bochum	Systemanalytiker	3869	22
280	Mualla	Marburg	Systemadministrator	4100	16
281	Analisse	Herne	Systemanalytiker	3546	1
282	Majour	Herne	Systemadministrator	4746	13
283	Saavan	Witten	Systemadministrator	3118	23
284	Ollins	Remscheid	Systemadministrator	3959	1
285	Vontray	Dortmund	Systemadministrator	2214	17
286	Deelan	Dortmund	Systemanalytiker	2969	2
287	Merquiades	Solingen	Systemadministrator	4879	21
288	Wyley	Solingen	Programmierer	3542	20
289	Ninnette	Remscheid	Programmierer	3316	10
290	Leianne	Herne	Systemadministrator	3302	1
291	Thalia	Essen	Systemadministrator	2756	9
292	Duckett	Remscheid	Systemadministrator	4197	16
293	Lunabelle	Marburg	Systemadministrator	2756	10
294	Lorrie	Marburg	Programmierer	2591	20
295	Lazerick	Bochum	Programmierer	4547	8
296	Hiner	Karlsruhe	Systemanalytiker	4350	20
297	Keanon	Solingen	Systemanalytiker	2776	2
298	Polyvios	Remscheid	Systemadministrator	2022	2
299	Martwan	Solingen	Netzwerkadministrator	4873	23
300	Rodregus	Witten	Systemadministrator	1828	19
301	Secilia	Witten	Systemanalytiker	3325	5
302	Jatonya	Solingen	Netzwerkadministrator	2232	10
303	Schutt	Witten	Programmierer	3576	14
304	Magnhild	Bochum	Systemadministrator	4832	9
305	Kairaba	Dortmund	Systemadministrator	4908	8
306	Vribella	Witten	Programmierer	4402	5
307	Macus	Witten	Programmierer	4116	16
308	Khuzaymah	Hagen	Programmierer	4691	4
309	Willoe	Witten	Systemadministrator	1629	10
310	Canuto	Remscheid	Netzwerkadministrator	4179	22
311	Aylissa	Essen	Systemanalytiker	2417	23
312	Ava-lily	Remscheid	Programmierer	2277	13
313	Dexter	Karlsruhe	Netzwerkadministrator	1967	3
314	Athanasius	Solingen	Netzwerkadministrator	1744	11
315	Görkem	Remscheid	Netzwerkadministrator	2418	9
316	Lasheena	Bochum	Netzwerkadministrator	1584	6
317	Gabriëlle	Dortmund	Netzwerkadministrator	2102	22
318	Konny	Marburg	Netzwerkadministrator	4518	3
319	Stangl	Dortmund	Programmierer	1549	7
320	Shravya	Solingen	Netzwerkadministrator	2434	4
321	Willmetta	Herne	Systemadministrator	2763	24
322	Liene	Marburg	Systemadministrator	2543	15
323	Kulreet	Remscheid	Netzwerkadministrator	4404	10
324	Aisel	Marburg	Systemadministrator	4030	5
325	Shuan	Solingen	Netzwerkadministrator	3559	24
326	Taijuan	Herne	Netzwerkadministrator	3085	10
327	Manduley	Essen	Programmierer	1940	23
328	Tamerah	Witten	Systemadministrator	4583	8
329	Vitalia	Herne	Systemanalytiker	3196	7
330	Ervy	Solingen	Systemadministrator	4496	11
331	Saqqara	Hagen	Programmierer	4645	10
332	Israa	Bochum	Systemanalytiker	3766	1
333	Rozamond	Bochum	Programmierer	2745	23
334	Skillern	Witten	Netzwerkadministrator	4008	16
335	Takyla	Bochum	Systemadministrator	3232	11
336	Masatomo	Solingen	Programmierer	2616	11
337	Jorah	Remscheid	Systemanalytiker	4906	6
338	Clemet	Marburg	Systemadministrator	1864	19
339	Besse	Essen	Systemanalytiker	3595	5
340	Phallon	Essen	Systemanalytiker	2854	6
341	Denedra	Essen	Systemadministrator	2537	18
342	Hammon	Remscheid	Netzwerkadministrator	2372	6
343	Dearius	Dortmund	Systemadministrator	2244	20
344	Oliwier	Remscheid	Systemadministrator	4774	16
345	Goers	Hagen	Systemadministrator	2818	3
346	Kadan	Witten	Programmierer	3895	7
347	Rubiya	Solingen	Systemadministrator	2322	4
348	Tegh	Witten	Programmierer	2236	6
349	Ainura	Marburg	Netzwerkadministrator	1627	5
350	Taydin	Hagen	Programmierer	2437	23
351	Shaneque	Remscheid	Netzwerkadministrator	2046	23
352	Mell	Marburg	Netzwerkadministrator	3966	2
353	Dwaina	Karlsruhe	Netzwerkadministrator	4412	21
354	Billy-jo	Solingen	Programmierer	2862	20
355	Taneka	Marburg	Netzwerkadministrator	1722	21
356	Dareese	Dortmund	Programmierer	4914	19
357	Tellford	Herne	Systemadministrator	4236	9
358	Hewey	Karlsruhe	Programmierer	3720	20
359	Brenli	Herne	Systemanalytiker	3241	18
360	Jadarrian	Bochum	Programmierer	2232	18
361	Eldwun	Solingen	Netzwerkadministrator	2653	3
362	Zulene	Dortmund	Systemanalytiker	4565	20
363	Tanairi	Karlsruhe	Netzwerkadministrator	3252	13
364	Maroon	Solingen	Systemadministrator	2433	1
365	Heraldas	Solingen	Programmierer	2735	12
366	Wardlaw	Bochum	Systemanalytiker	3878	10
367	Flynnjr	Remscheid	Systemadministrator	4834	13
368	Gyalog	Karlsruhe	Systemadministrator	4737	20
369	Otina	Hagen	Systemanalytiker	2581	2
370	Dasaan	Dortmund	Systemanalytiker	3868	8
371	Alverce	Hagen	Netzwerkadministrator	3361	4
372	Vestina	Dortmund	Programmierer	3000	9
373	Hinson	Solingen	Netzwerkadministrator	2462	20
374	Jeannine	Bochum	Systemadministrator	1614	2
375	Mykenzee	Solingen	Netzwerkadministrator	3750	14
376	Semahj	Remscheid	Programmierer	3804	17
377	Erkka	Solingen	Systemanalytiker	2025	18
378	Tauheed	Essen	Netzwerkadministrator	3169	4
379	Sarah-beth	Solingen	Netzwerkadministrator	2141	24
380	Sagen	Herne	Systemanalytiker	4977	6
381	Vivienna	Marburg	Systemanalytiker	4450	7
382	Laurencio	Marburg	Programmierer	2678	22
383	Demia	Hagen	Systemadministrator	3982	3
384	Addle	Hagen	Systemadministrator	2499	21
385	Valtýr	Solingen	Systemanalytiker	1562	1
386	Illimar	Hagen	Netzwerkadministrator	2999	10
387	Aliyan	Herne	Netzwerkadministrator	2088	7
388	Keelynn	Solingen	Programmierer	4407	11
389	Kyrto	Karlsruhe	Systemadministrator	2285	21
390	Contreras-mayahua	Essen	Systemadministrator	2898	2
391	Aristeia	Solingen	Netzwerkadministrator	1753	2
392	Gaiser	Herne	Programmierer	3870	18
393	Mckenah	Witten	Systemadministrator	1595	5
394	Vilfríður	Bochum	Netzwerkadministrator	1935	20
395	Weethee	Herne	Systemanalytiker	3411	9
396	Oltjana	Herne	Programmierer	1524	18
397	Normie	Karlsruhe	Systemadministrator	3898	11
398	Rasmus	Remscheid	Systemadministrator	2590	15
399	Irantzu	Bochum	Systemadministrator	2700	3
400	Conrad-thomas	Witten	Netzwerkadministrator	1645	2
401	Abelardo	Marburg	Programmierer	2381	5
402	Venie	Solingen	Systemadministrator	1894	21
403	Tomek	Essen	Netzwerkadministrator	3746	3
404	Arwin	Witten	Systemadministrator	2783	14
405	Branston	Remscheid	Systemanalytiker	4985	1
406	Alexxa	Karlsruhe	Systemadministrator	2079	17
407	Alezay	Solingen	Systemadministrator	2352	12
408	Tzetza	Bochum	Systemadministrator	4157	23
409	Girija	Remscheid	Systemanalytiker	3934	15
410	Travaun	Witten	Netzwerkadministrator	4716	16
411	Kaise	Karlsruhe	Systemadministrator	3323	12
412	Lallage	Witten	Systemanalytiker	2646	9
413	Deloise	Dortmund	Netzwerkadministrator	3477	4
414	Cuauhtemoc	Karlsruhe	Programmierer	4557	1
415	Umeka	Solingen	Programmierer	4273	11
416	Luzmarie	Solingen	Systemanalytiker	2607	14
417	Wisecarver	Essen	Netzwerkadministrator	2044	19
418	Bourgois	Essen	Netzwerkadministrator	4722	15
419	Zurheide	Solingen	Systemanalytiker	2537	19
420	Hukamchand	Karlsruhe	Systemadministrator	3428	21
421	Giannos	Hagen	Netzwerkadministrator	4856	11
422	Irianna	Dortmund	Programmierer	3001	19
423	Harbans	Hagen	Systemadministrator	3459	15
424	Kuan	Marburg	Systemadministrator	2379	7
425	Pelma	Hagen	Systemadministrator	3006	6
426	Lengel	Essen	Netzwerkadministrator	2596	12
427	Angellynn	Essen	Programmierer	1580	6
428	Adhnan	Essen	Systemadministrator	1543	21
429	Katerin	Solingen	Systemadministrator	3266	21
430	Macklin	Essen	Netzwerkadministrator	2136	8
431	Bárbara	Essen	Systemanalytiker	4804	6
432	Toneisha	Witten	Systemadministrator	4494	13
433	Lucia	Solingen	Systemanalytiker	4831	22
434	Liyla	Witten	Systemanalytiker	4030	18
435	Custódio	Marburg	Programmierer	4895	11
436	Quenten	Herne	Programmierer	4982	12
437	Ulice	Herne	Systemanalytiker	4788	16
438	Stefhon	Bochum	Systemadministrator	3081	20
439	Osmen	Solingen	Systemadministrator	3100	23
440	Linarez	Dortmund	Programmierer	3879	20
441	Pagan-figueroa	Dortmund	Systemadministrator	4539	20
442	Comley	Essen	Systemadministrator	4090	12
443	Shyamal	Essen	Systemanalytiker	3460	9
444	Delago	Essen	Systemanalytiker	3351	13
445	Fahema	Karlsruhe	Netzwerkadministrator	1666	19
446	Courtez	Solingen	Systemanalytiker	3186	16
447	Leavy	Bochum	Netzwerkadministrator	1571	24
448	Mcannally	Remscheid	Systemadministrator	4872	20
449	Nesha	Essen	Systemanalytiker	4568	20
450	Seanda	Hagen	Programmierer	2067	11
451	Tmarion	Dortmund	Netzwerkadministrator	3268	7
452	Kulp	Remscheid	Netzwerkadministrator	2701	16
453	Gurkamal	Dortmund	Systemanalytiker	1504	12
454	Argelia	Herne	Programmierer	4799	24
455	Mucciolo	Bochum	Systemadministrator	1841	8
456	Quetzy	Solingen	Netzwerkadministrator	2953	10
457	Rashod	Essen	Systemanalytiker	3802	21
458	Zhelju	Hagen	Netzwerkadministrator	3339	3
459	Shakeyda	Bochum	Programmierer	1761	11
460	Eva-marie	Remscheid	Systemanalytiker	3154	2
461	Chessman	Herne	Netzwerkadministrator	2351	10
462	Lastacia	Bochum	Netzwerkadministrator	1584	13
463	Zyleah	Essen	Systemadministrator	2228	6
464	Uttam	Bochum	Programmierer	2563	6
465	Bethelmie	Bochum	Systemadministrator	4941	7
466	Rayshun	Herne	Systemanalytiker	4281	6
467	Ahola	Hagen	Systemadministrator	4018	19
468	Rodericus	Remscheid	Systemadministrator	4973	21
469	Tioluwanimi	Witten	Systemanalytiker	2820	3
470	Tyquell	Dortmund	Systemadministrator	3754	11
471	Dinja	Bochum	Systemanalytiker	3568	15
472	Jerra	Solingen	Programmierer	4773	13
473	Volodya	Hagen	Netzwerkadministrator	3066	6
474	Norcross	Witten	Systemanalytiker	1686	23
475	Zemora	Herne	Netzwerkadministrator	4336	15
476	Flausino	Solingen	Netzwerkadministrator	2628	10
477	Nataleigh	Solingen	Programmierer	4583	5
478	Tesfa	Hagen	Programmierer	3114	11
479	Rayshon	Dortmund	Programmierer	2236	2
480	Keiya	Witten	Systemanalytiker	2021	16
481	Sijbren	Marburg	Programmierer	4438	11
482	Wyonna	Marburg	Systemadministrator	3455	23
483	Hughley	Witten	Programmierer	1711	20
484	Liberato	Solingen	Netzwerkadministrator	4438	13
485	Silvie	Remscheid	Programmierer	2365	24
486	Shirlean	Remscheid	Systemanalytiker	4831	16
487	Leissa	Marburg	Netzwerkadministrator	2215	6
488	Daquisha	Solingen	Programmierer	2131	18
489	Purtell	Dortmund	Netzwerkadministrator	3216	11
490	Inella	Herne	Systemadministrator	4808	18
491	Gyimah	Solingen	Netzwerkadministrator	4553	9
492	Santo	Hagen	Netzwerkadministrator	2445	1
493	Taidyn	Dortmund	Systemanalytiker	1814	9
494	Karlei	Hagen	Netzwerkadministrator	3935	5
495	Adebisi	Karlsruhe	Programmierer	3527	10
496	Camron	Herne	Systemanalytiker	4083	5
497	Kila	Remscheid	Netzwerkadministrator	3629	5
498	Orral	Karlsruhe	Programmierer	2525	18
499	Oech	Hagen	Systemadministrator	3861	12
500	Lanautica	Herne	Systemanalytiker	3036	6
\.


--
-- Data for Name: kunde; Type: TABLE DATA; Schema: public; Owner: aladin
--

COPY public.kunde ("KDNR", "NAME", "WOHNORT", "TAETIG_ALS") FROM stdin;
0	Anushri	Boonville	Kaufmann
1	Shaquill	Coultervillle	Kaufmann
2	Deondre	Mayfair	Kaufmann
3	Caynen	Bethany	Arzt
4	Liāna	Nutrioso	Kaufmann
5	Ferid	Churchill	Verwaltung
6	Daja	Orin	Kaufmann
7	Jeanick	Gibsonia	Arzt
8	Sisilia	Waiohinu	Verwaltung
9	Nadiège	Magnolia	Kaufmann
10	Tishaan	Dana	Arzt
11	Shaine	Tilleda	Kaufmann
12	Clellan	Maybell	Kaufmann
13	Shatay	Henrietta	Kaufmann
14	Dodwell	Taft	Arzt
15	Latashi	Chloride	Arzt
16	Dametrious	Topaz	Kaufmann
17	Zek	Martell	Kaufmann
18	Fredrika	Goldfield	Verwaltung
19	Nadiv	Jenkinsville	Verwaltung
20	Jyll	Clarence	Verwaltung
21	B'elanna	Columbus	Kaufmann
22	Monserratte	Springhill	Verwaltung
23	Dereece	Logan	Arzt
24	Luger	Loyalhanna	Verwaltung
25	Choudhry	Corinne	Verwaltung
26	Canvar	Smeltertown	Kaufmann
27	Kaydien	Ernstville	Kaufmann
28	Boid	Idledale	Arzt
29	Javery	Haring	Verwaltung
30	Adesewa	Idledale	Kaufmann
31	Bussie	Rosewood	Kaufmann
32	Kalaeb	Ellerslie	Kaufmann
33	Joril	Cumminsville	Arzt
34	Janielis	Gilgo	Kaufmann
35	Nahara	Glenville	Verwaltung
36	Kaylie	Lookingglass	Kaufmann
37	Evangelos	Kraemer	Kaufmann
38	Meharban	Dalton	Arzt
39	Innozenz	Gouglersville	Arzt
40	Alleria	Wilsonia	Verwaltung
41	Addeline	Juntura	Arzt
42	Ivena	Grill	Kaufmann
43	Khadijha	Roberts	Kaufmann
44	Lakeith	Morriston	Arzt
45	Aivah	Starks	Arzt
46	Lieneke	Veyo	Arzt
47	Therine	Santel	Verwaltung
48	Magdelina	Zortman	Arzt
49	Benzion	Vincent	Kaufmann
50	Gailmarie	Hollymead	Arzt
51	Arumugan	Mahtowa	Kaufmann
52	Alexas	Dexter	Kaufmann
53	Austan	Barclay	Arzt
54	Jawon	Ernstville	Kaufmann
55	Ajita	Whipholt	Kaufmann
56	Mariahlynn	Greer	Kaufmann
57	Anadalay	Greenock	Arzt
58	Lanyah	Sugartown	Arzt
59	Ibraheem	Cochranville	Kaufmann
60	Alonte	Turah	Arzt
61	Evalei	Belva	Kaufmann
62	Griezmann	Greenbackville	Verwaltung
63	Davione	Colton	Arzt
64	Ficocelli	Taft	Verwaltung
65	Chirag	Vicksburg	Arzt
66	Ossi	Rew	Kaufmann
67	Yaresi	Matheny	Verwaltung
68	Tenleigh	Talpa	Arzt
69	Amber-jane	Cumminsville	Kaufmann
70	Davisjr	Abiquiu	Verwaltung
71	Audette	Cresaptown	Arzt
72	Travax	Rowe	Kaufmann
73	Loubins	Thatcher	Verwaltung
74	Zaviera	Kirk	Verwaltung
75	Barkın	Gerber	Kaufmann
76	Domenic	Goochland	Verwaltung
77	Demante	Greenbush	Kaufmann
78	Tango	Libertytown	Arzt
79	Demelza	Calvary	Kaufmann
80	Yomari	Darlington	Kaufmann
81	Aaylie	Wheatfields	Arzt
82	Cheronda	Rodanthe	Arzt
83	Profant	Diaperville	Kaufmann
84	Debbie	Barstow	Arzt
85	Elders	Joes	Verwaltung
86	Aston-jay	Bloomington	Arzt
87	Courtney-	Day	Kaufmann
88	Gewel	Neibert	Arzt
89	Chelcia	Dunnavant	Kaufmann
90	Snedden	Hardyville	Verwaltung
91	Glori	Juntura	Kaufmann
92	Hayston	Walland	Arzt
93	Sala	Enoree	Arzt
94	Boluwaduro	Cressey	Kaufmann
95	Remeika	Bainbridge	Arzt
96	Seidi	Ilchester	Arzt
97	Petrė	Tampico	Arzt
98	Semhar	Hampstead	Verwaltung
99	Rutvij	Munjor	Arzt
100	Latiea	Gorst	Kaufmann
101	Plaisir	Soham	Arzt
102	Gerrick	Hollins	Kaufmann
103	Heleina	Harmon	Verwaltung
104	Brockie	Waukeenah	Verwaltung
105	Garcia-velazquez	Caron	Verwaltung
106	Maximiliaan	Yardville	Verwaltung
107	Junichiro	Bourg	Kaufmann
108	Mariadelosang	Thynedale	Arzt
109	Jaymie	Stevens	Verwaltung
110	Mattis	Ryderwood	Arzt
111	Delphus	Jennings	Verwaltung
112	Evrim	Croom	Verwaltung
113	Mcgriff	Camas	Arzt
114	Fender	Chamberino	Arzt
115	Makenzey	Keyport	Kaufmann
116	Jaliene	Fairhaven	Kaufmann
117	Pricopie	Laurelton	Verwaltung
118	Elizardo	Wawona	Kaufmann
119	Lailey	Jardine	Arzt
120	Jasiel	Tetherow	Arzt
121	Billie-louise	Staples	Verwaltung
122	Araiyah	Roeville	Arzt
123	Tesse	Savannah	Arzt
124	Parleen	Sattley	Kaufmann
125	Jaqavious	Glendale	Kaufmann
126	Shande	Hamilton	Kaufmann
127	Dyonna	Chicopee	Verwaltung
128	Raoof	Goodville	Kaufmann
129	Sushil	Unionville	Verwaltung
130	Moth	Bayview	Verwaltung
131	Shiniah	Brady	Verwaltung
132	Arianny	Sunwest	Arzt
133	Traysean	Chilton	Arzt
134	Taban	Ticonderoga	Arzt
135	Cobi-dean	Concho	Kaufmann
136	Gignilliat	Gulf	Kaufmann
137	Videl	Gwynn	Kaufmann
138	Éibhear	Campo	Verwaltung
139	Mcphee	Callaghan	Verwaltung
140	Runge	Darbydale	Kaufmann
141	Želislava	Riner	Kaufmann
142	Danimir	Chamizal	Kaufmann
143	Ezis	Hollins	Kaufmann
144	Margearet	Omar	Verwaltung
145	Sharniqua	Whitestone	Verwaltung
146	Richo	Harleigh	Arzt
147	Loray	Nescatunga	Arzt
148	Icey	Kylertown	Kaufmann
149	Brooksley	Ribera	Verwaltung
150	Mary-jane	Caron	Kaufmann
151	Padriac	Bentley	Arzt
152	Sukhsohan	Thynedale	Kaufmann
153	Shayanna	Takilma	Arzt
154	Balling	Saticoy	Kaufmann
155	Victoriano	Brownlee	Kaufmann
156	Aleezah-imaan	Floris	Kaufmann
157	Zaniah	Valmy	Arzt
158	Barsha	Rehrersburg	Arzt
159	Kimothy	Crawfordsville	Verwaltung
160	Presten	Salunga	Kaufmann
161	Devkali	Cochranville	Kaufmann
162	Harbai	Calverton	Verwaltung
163	Deivy	Thatcher	Kaufmann
164	Filippus	Holcombe	Kaufmann
165	Murlen	Morningside	Kaufmann
166	Kyron-shogun	Harmon	Verwaltung
167	Alfonsas	Darlington	Kaufmann
168	Welburn	Hardyville	Arzt
169	Hollye	Elrama	Verwaltung
170	Genevie	Bellamy	Kaufmann
171	Roulett	Klagetoh	Arzt
172	Devontia	Hamilton	Arzt
173	Sabreana	Thermal	Verwaltung
174	Rinze	Rosedale	Kaufmann
175	Floya	Bentonville	Arzt
176	Marieange	Oceola	Verwaltung
177	Ololade	Richville	Arzt
178	Kairie	Day	Kaufmann
179	Dalayah	Caroleen	Verwaltung
180	Vondella	Norvelt	Arzt
181	Lourine	Chestnut	Kaufmann
182	Vasilike	Freeburn	Arzt
183	Loralai	Brecon	Verwaltung
184	Akyra	Vernon	Kaufmann
185	Arghira	Wakarusa	Verwaltung
186	Yancarlos	Gardiner	Verwaltung
187	Lajeanne	Vale	Verwaltung
188	Irais	Richville	Arzt
189	Erdzan	Slovan	Verwaltung
190	Hiliana	Hoagland	Arzt
191	Cherrye	Robbins	Arzt
192	Almira	Jennings	Verwaltung
193	Juleny	Dale	Kaufmann
194	Jenevie	Cresaptown	Arzt
195	Maeli	Roberts	Kaufmann
196	Iiona	Vernon	Verwaltung
197	Timea	Dexter	Kaufmann
198	Lando	Coldiron	Verwaltung
199	Tiaundra	Tibbie	Verwaltung
200	Zhander	Springdale	Arzt
201	Fantauzzi	Topanga	Arzt
202	Jylin	Vivian	Kaufmann
203	Claudeen	Brule	Kaufmann
204	Aleisha-leigh	Needmore	Verwaltung
205	Mori	Leyner	Kaufmann
206	Ubalda	Caberfae	Kaufmann
207	Ravei	Lydia	Arzt
208	Sylwia	Newkirk	Verwaltung
209	Oracin	Tolu	Kaufmann
210	Keneen	Bodega	Verwaltung
211	Haward	Clarktown	Kaufmann
212	Abhilash	Grimsley	Kaufmann
213	Yazlee	Dupuyer	Arzt
214	Dove	Freelandville	Kaufmann
215	Lonika	Gambrills	Kaufmann
216	Johnise	Rivers	Arzt
217	Vacys	Brambleton	Arzt
218	Telesfora	Glidden	Arzt
219	Sossity	Murillo	Arzt
220	Tsivia	Delwood	Kaufmann
221	Spyridon	Nelson	Kaufmann
222	Crego	Rose	Kaufmann
223	Trejo	Oceola	Arzt
224	Arshag	Derwood	Kaufmann
225	Stefaan	Aberdeen	Verwaltung
226	Jaquoya	Waverly	Arzt
227	Dehaven	Brandywine	Verwaltung
228	John-asa	Glasgow	Kaufmann
229	Hillit	Lopezo	Kaufmann
230	Attiana	Steinhatchee	Verwaltung
231	Castro	Alamo	Kaufmann
232	Regionald	Fairforest	Verwaltung
233	Topacio	Veyo	Verwaltung
234	Allicia	Mahtowa	Kaufmann
235	Espute	Gilgo	Kaufmann
236	Therone	Rodanthe	Arzt
237	Ninon	Bowie	Kaufmann
238	Timeothy	Waterloo	Verwaltung
239	Braydin	Alafaya	Kaufmann
240	Jullianna	Hollymead	Arzt
241	Antwion	Babb	Verwaltung
242	Maxell	Libertytown	Verwaltung
243	Emiliee	Graball	Kaufmann
244	Clorence	Somerset	Kaufmann
245	Bares	Canoochee	Arzt
246	Siegwart	Gerton	Kaufmann
247	Benikel	Diaperville	Arzt
248	Rayansh	Rowe	Kaufmann
249	Sigurásta	Fairfield	Arzt
250	Nakisa	Lydia	Arzt
251	Yorbelys	Gordon	Verwaltung
252	Schaaf	Crown	Arzt
253	Jalieah	Juntura	Arzt
254	Goffreda	Canoochee	Kaufmann
255	Elbonie	Umapine	Arzt
256	Nube	Elizaville	Arzt
257	Rebeccajo	Lumberton	Verwaltung
258	Vesselka	Gorham	Kaufmann
259	Rether	Fresno	Arzt
260	Sabnam	Seymour	Verwaltung
261	Elainna	Logan	Arzt
262	Emmi-louise	Guilford	Verwaltung
263	Carly	Lithium	Arzt
264	Joele	Sardis	Kaufmann
265	Aspa	Elbert	Arzt
266	Nesia	Yukon	Verwaltung
267	Alyzia	Tilleda	Verwaltung
268	Hockett	Chloride	Verwaltung
269	Delp	Rowe	Verwaltung
270	Meaghann	Courtland	Kaufmann
271	Daemen	Greenock	Verwaltung
272	Asuzena	Martell	Verwaltung
273	Chanavia	Alafaya	Kaufmann
274	Kumail	Whitestone	Kaufmann
275	Hardisty	Rodman	Kaufmann
276	Denaysia	Elrama	Kaufmann
277	Tilo	Alleghenyville	Arzt
278	Nicholes	Leeper	Verwaltung
279	Billie-marie	Morningside	Verwaltung
280	Ortiz-arroyo	Chical	Arzt
281	Marenna	Whitewater	Verwaltung
282	Kimberling	Soham	Arzt
283	Zion-benjamin	Ebro	Kaufmann
284	Myshayla	Kiskimere	Verwaltung
285	Pearlman	Mansfield	Kaufmann
286	Rydan	Titanic	Verwaltung
287	Yasha	Martinsville	Verwaltung
288	Riles	Bethany	Verwaltung
289	Kosiur	Manitou	Arzt
290	Lanfranca	Englevale	Verwaltung
291	Cailob	Aberdeen	Kaufmann
292	Bravery	Linganore	Arzt
293	Omama	Camas	Arzt
294	Derian	Roland	Verwaltung
295	Solie	Dunnavant	Arzt
296	Arménia	Gilmore	Kaufmann
297	Cleaven	Robbins	Kaufmann
298	Mashiyat	Nipinnawasee	Arzt
299	Madgalene	Herald	Arzt
300	Willona	Nanafalia	Verwaltung
301	Shabriel	Alafaya	Arzt
302	Nahira	Cecilia	Arzt
303	Vladica	Snyderville	Arzt
304	Jessicanicole	Bonanza	Arzt
305	Alaxandra	Dragoon	Kaufmann
306	Haf	Bath	Verwaltung
307	Ásbjörg	Fredericktown	Kaufmann
308	Makenzlie	Katonah	Verwaltung
309	Freddie-dean	Beason	Verwaltung
310	Yasmeena	Imperial	Verwaltung
311	Geof	Darrtown	Arzt
312	Perez-lemus	Adelino	Arzt
313	Elfriede	Alleghenyville	Verwaltung
314	Parven	Sutton	Arzt
315	Muro	Kaka	Arzt
316	Jayzon	Iberia	Kaufmann
317	Mikyng	Rockbridge	Verwaltung
318	Jamontay	Dixonville	Kaufmann
319	Saling	Mathews	Verwaltung
320	Kalwati	Sylvanite	Arzt
321	Idaline	Sussex	Arzt
322	Sharn	Mammoth	Kaufmann
323	Dannisha	Riceville	Arzt
324	Jahiel	Century	Arzt
325	Makbul	Sugartown	Verwaltung
326	Valdon	Unionville	Arzt
327	Magdė	Dixonville	Arzt
328	Xhevat	Cumberland	Kaufmann
329	Jai	Abiquiu	Kaufmann
330	Chanler	Somerset	Verwaltung
331	Iftikhar	Farmington	Arzt
332	Rakiesha	Freelandville	Arzt
333	Laktutė	Sunriver	Verwaltung
334	Valetina	Alfarata	Verwaltung
335	Oge	Tecolotito	Verwaltung
336	Maevery	Rosburg	Arzt
337	Taurian	Virgie	Verwaltung
338	Chuhay	Rew	Kaufmann
339	Victorea	Flintville	Verwaltung
340	Trendafilka	Savage	Kaufmann
341	Kez	Dotsero	Kaufmann
342	Creedan	Herlong	Kaufmann
343	Elvezia	Allamuchy	Arzt
344	Delmario	Mathews	Arzt
345	Adysin	Yonah	Arzt
346	Piaras	Kersey	Kaufmann
347	Neftali	Crawfordsville	Arzt
348	Litterio	Santel	Kaufmann
349	László	Bellfountain	Arzt
350	Avah-dannielle	Chamberino	Kaufmann
351	Griggs	Catharine	Kaufmann
352	Zamaria	Felt	Arzt
353	Billat	Croom	Arzt
354	Maddin	Idledale	Arzt
355	Adorl	Logan	Arzt
356	Xarielys	Evergreen	Kaufmann
357	Paizli	Watchtower	Verwaltung
358	Lübertus	Nicut	Arzt
359	Gaylee	Muse	Kaufmann
360	Humeyra	Choctaw	Arzt
361	Huckstadt	Muir	Kaufmann
362	Huffer	Glenbrook	Arzt
363	Obeda	Bartley	Kaufmann
364	Choudhury	Sussex	Verwaltung
365	Altee	Adamstown	Verwaltung
366	Doedo	Sparkill	Kaufmann
367	Xavery	Craig	Kaufmann
368	Norbie	Ruffin	Kaufmann
369	Geidel	Barronett	Verwaltung
370	Umarbek	Brandywine	Arzt
371	Maori	Boyd	Arzt
372	Teslime	Roulette	Kaufmann
373	Razieh	Wacissa	Kaufmann
374	Sean-austin	Garfield	Verwaltung
375	Ubayd	Duryea	Verwaltung
376	Lesko	Fairview	Arzt
377	Greda	Frizzleburg	Kaufmann
378	Vananh	Brule	Arzt
379	Kierstan	Allison	Arzt
380	Marynn	Riegelwood	Kaufmann
381	Keari	Kilbourne	Verwaltung
382	Treyton	Oasis	Kaufmann
383	Luděk	Beaulieu	Verwaltung
384	Zlata	Sattley	Verwaltung
385	Frodi	Hondah	Arzt
386	Yolani	Rodman	Verwaltung
387	Miriya	Gardners	Kaufmann
388	Mariluz	Chelsea	Kaufmann
389	Caeley	Marshall	Verwaltung
390	Tani	Cucumber	Kaufmann
391	Beong	Lydia	Verwaltung
392	Ferrera	Jacumba	Kaufmann
393	Tassos	Gouglersville	Kaufmann
394	Bruist	Caroline	Verwaltung
395	Quinnlee	Draper	Arzt
396	Krishnapillai	Belgreen	Arzt
397	Raney	Tryon	Verwaltung
398	Damek	Grapeview	Kaufmann
399	Axyl	Chesterfield	Verwaltung
400	Lakeydra	Saranap	Verwaltung
401	Wehner	Makena	Arzt
402	Kayelynn	Juarez	Arzt
403	Shanequah	Sheatown	Arzt
404	Thursa	Lafferty	Verwaltung
405	Crist	Brambleton	Kaufmann
406	Najirah	Hickory	Verwaltung
407	Cynthiaa	Kansas	Verwaltung
408	Roylene	Edneyville	Arzt
409	Janirah	Roberts	Kaufmann
410	Krever	Leland	Kaufmann
411	Jigme	Coalmont	Kaufmann
412	Kdynn	Defiance	Arzt
413	Aldean	Ronco	Arzt
414	Demi-jade	Mayfair	Arzt
415	Ophie	Belfair	Verwaltung
416	Montavis	Waterview	Verwaltung
417	Harley-james	Heil	Arzt
418	Storer	Chaparrito	Kaufmann
419	Lakeshea	Rose	Arzt
420	Nakendra	Chalfant	Arzt
421	Maidy	Rote	Verwaltung
422	Leonora	Day	Verwaltung
423	Ladayja	Jackpot	Verwaltung
424	Nicomède	Adamstown	Verwaltung
425	Farris	Boonville	Arzt
426	Naiesha	Hollins	Kaufmann
427	Vitto	Breinigsville	Arzt
428	Verdena	Albrightsville	Verwaltung
429	Markeal	Virgie	Kaufmann
430	Izaah	Baker	Verwaltung
431	Shantise	Edgar	Kaufmann
432	Adelinde	Leeper	Kaufmann
433	Angyalka	Bluffview	Verwaltung
434	Izeyah	Drummond	Arzt
435	Mayrel	Clay	Kaufmann
436	Jerina	Lumberton	Verwaltung
437	Crussell	Haring	Verwaltung
438	Vinesh	Barstow	Verwaltung
439	Yaritzia	Kansas	Kaufmann
440	Zorya	Chemung	Verwaltung
441	Nylei	Bodega	Verwaltung
442	Darlah	Leyner	Kaufmann
443	Dilakshika	Jacumba	Verwaltung
444	Phillis	Balm	Kaufmann
445	Pella	Bellamy	Arzt
446	Britzel	Sena	Kaufmann
447	Mükrime	Condon	Kaufmann
448	Reckert	Barronett	Verwaltung
449	Jobey	Nanafalia	Kaufmann
450	Sensi	Berlin	Verwaltung
451	Neziye	Selma	Arzt
452	Luvinia	Tilleda	Verwaltung
453	Ewell	Deercroft	Arzt
454	Emmaleen	Avoca	Verwaltung
455	Amelia-lily	Highland	Arzt
456	Pehanick	Muse	Arzt
457	Carlaysia	Wedgewood	Arzt
458	Loriah	Taycheedah	Arzt
459	Ouellette	Belgreen	Kaufmann
460	Lozell	Kerby	Verwaltung
461	Aliliana	Westmoreland	Verwaltung
462	Cadie-leigh	Crucible	Verwaltung
463	Nykeira	Brady	Arzt
464	Leenah	Alfarata	Verwaltung
465	Olufolayemi	Drytown	Arzt
466	Breckyn	Islandia	Arzt
467	Lella	Bethany	Verwaltung
468	Javelle	Indio	Arzt
469	Franci	Brantleyville	Arzt
470	Argjent	Springhill	Verwaltung
471	Tumininu	Beaverdale	Arzt
472	Kwinton	Sedley	Arzt
473	Irelyn	Bethany	Arzt
474	Nyal	Caln	Kaufmann
475	Deneva	Naomi	Arzt
476	Maricel	Juarez	Verwaltung
477	Garamy	Hampstead	Arzt
478	Kian-lee	Temperanceville	Verwaltung
479	Jolando	Allensworth	Arzt
480	Abrish	Kanauga	Kaufmann
481	Onaigh	Golconda	Kaufmann
482	Ojiugo	Tolu	Kaufmann
483	Teniya	Hiseville	Verwaltung
484	Harlen	Brutus	Verwaltung
485	Dallyce	Glenshaw	Verwaltung
486	Hezekyah	Bentley	Verwaltung
487	Malki	Juntura	Arzt
488	Lillyana	Marne	Arzt
489	Janill	Madrid	Kaufmann
490	Traeton	Nicholson	Arzt
491	Ayoni	Vale	Verwaltung
492	Evie-anne	Tecolotito	Kaufmann
493	Ardle	Kylertown	Kaufmann
494	Dorsa	Muse	Verwaltung
495	Danny-lee	Rossmore	Kaufmann
496	Khamisi	Troy	Kaufmann
497	Marleisha	Bascom	Verwaltung
498	Sanihya	Bowie	Kaufmann
499	Ladeana	Bodega	Arzt
500	Eivissa	Nicholson	Verwaltung
501	Mikheil	Dundee	Arzt
502	Chaidez	Windsor	Kaufmann
503	Beyah	Wright	Verwaltung
504	Bonsal	Thornport	Arzt
505	Benjahmin	Kieler	Arzt
506	Brynlyn	Emory	Verwaltung
507	Herbey	Nile	Kaufmann
508	Galliana	Rushford	Verwaltung
509	Bojanka	Fairforest	Kaufmann
510	Aleinah	Trail	Arzt
511	Kaiyue	Disautel	Arzt
512	Turnbull	Sterling	Kaufmann
513	Camellon	Driftwood	Verwaltung
514	Suhaymah	Felt	Arzt
515	Wilta	Stonybrook	Arzt
516	Aaraf	Tecolotito	Arzt
517	Vernard	Allendale	Kaufmann
518	Alliber	Marion	Arzt
519	Ross-spagone	Sperryville	Arzt
520	Arlyle	Richmond	Verwaltung
521	Arnao	Kraemer	Arzt
522	Townes	Loomis	Arzt
523	Theventhira	Hegins	Kaufmann
524	Hirotaka	Chase	Arzt
525	Cleston	Highland	Kaufmann
526	Myya	Gulf	Arzt
527	Denah	Malott	Kaufmann
528	Virginica	Bloomington	Kaufmann
529	Shakeelah	Bodega	Verwaltung
530	Hansjörn	Roderfield	Arzt
531	Tugdual	Torboy	Kaufmann
532	Dink	Downsville	Kaufmann
533	Aniiya	Nettie	Kaufmann
534	Stanley-jax	Lindcove	Arzt
535	Taqueria	Chaparrito	Arzt
536	Kanae	Tetherow	Verwaltung
537	Milian	Conestoga	Arzt
538	Azrielle	Jessie	Verwaltung
539	Tachara	Winesburg	Verwaltung
540	Marymichael	Curtice	Arzt
541	Erasme	Fostoria	Verwaltung
542	Oluwaseyi	Canterwood	Arzt
543	Maizie	Fairhaven	Kaufmann
544	Hinnerika	Swartzville	Kaufmann
545	Alyx	Coloma	Kaufmann
546	Wadia	Centerville	Arzt
547	Bard	Why	Arzt
548	Leilahni	Canoochee	Verwaltung
549	Collayer	Sultana	Kaufmann
550	Merriciks	Clarktown	Kaufmann
551	Karp	Camas	Kaufmann
552	Johnjames	Suitland	Verwaltung
553	Annikka	Singer	Kaufmann
554	Nelsonii	Allentown	Kaufmann
555	Marhan	Imperial	Kaufmann
556	Cardwell	Yogaville	Arzt
557	Snaider	Hickory	Verwaltung
558	Ransey	Tyhee	Kaufmann
559	Dakari	Marysville	Verwaltung
560	Asaf	Cobbtown	Verwaltung
561	Khorma	Caron	Kaufmann
562	Kirsch	Kersey	Arzt
563	Shaynie	Warren	Arzt
564	Yissachar	Yonah	Verwaltung
565	Prophete	Cetronia	Arzt
566	Yadeliz	Tyro	Verwaltung
567	Orvind	Osage	Arzt
568	Jonise	Grimsley	Kaufmann
569	Trico	Drummond	Arzt
570	Giamarie	Terlingua	Arzt
571	Matheson	Greer	Kaufmann
572	Mraz	Fairview	Kaufmann
573	Cortavius	Martinez	Kaufmann
574	Naydeli	Wright	Kaufmann
575	Aphsana	Calverton	Arzt
576	Telayah	Stewart	Arzt
577	Kieralee	Jenkinsville	Arzt
578	Alexander-jay	Ilchester	Arzt
579	Dorylee	Yonah	Arzt
580	Taree	Riviera	Kaufmann
581	Zanmi	Urie	Arzt
582	Bielasz	Eagleville	Verwaltung
583	Codye	Coventry	Kaufmann
584	Seleta	Yettem	Arzt
585	Krste	Cochranville	Arzt
586	Chirley	Bynum	Verwaltung
587	Moretto	Rose	Arzt
588	Millie-rose	Wheatfields	Kaufmann
589	Oleksey	Fostoria	Arzt
590	Lyndsae	Shelby	Arzt
591	Hritika	Savage	Kaufmann
592	Murrel	Mansfield	Kaufmann
593	Genioara	Westboro	Verwaltung
594	Karon	Brooktrails	Arzt
595	Ewa	Bartonsville	Kaufmann
596	Deshay	Nelson	Arzt
597	Alexi	Nile	Arzt
598	Damariyon	Hachita	Kaufmann
599	Svanbjörg	Motley	Verwaltung
600	Canuto	Walton	Verwaltung
601	Jaydynn	Savannah	Kaufmann
602	Baasit	Snyderville	Arzt
603	Amajae	Ferney	Verwaltung
604	Anlin	Beechmont	Verwaltung
605	Alajiah	Bladensburg	Arzt
606	Paquet	Gulf	Arzt
607	Maryama	Summertown	Verwaltung
608	Walbert	Brecon	Kaufmann
609	Kenichi	Biddle	Verwaltung
610	Lateashia	Hall	Verwaltung
611	Viyona	Coloma	Arzt
612	Mazlum	Dupuyer	Verwaltung
613	Joriann	Newcastle	Verwaltung
614	Merujan	Waukeenah	Verwaltung
615	Jermaine-jacob	Escondida	Kaufmann
616	Fynlay-james	Herbster	Arzt
617	Shravan	Stouchsburg	Kaufmann
618	Hanad	Colton	Verwaltung
619	Deryl	Frierson	Arzt
620	Biddie	Marysville	Verwaltung
621	Verjiniya	Takilma	Verwaltung
622	Mckeyla	Homeland	Verwaltung
623	Liponis	Bartonsville	Arzt
624	İsa	Matheny	Arzt
625	Freebourne	Dodge	Kaufmann
626	Bernon	Gordon	Verwaltung
627	Miliany	Otranto	Arzt
628	Deaira	Axis	Arzt
629	Mayjor	Coalmont	Verwaltung
630	Saravanabavan	Berwind	Arzt
631	Macana	Driftwood	Arzt
632	Chestley	Orick	Kaufmann
633	Tav	Wescosville	Kaufmann
634	Rawden	Naomi	Verwaltung
635	Utkarsh	Caledonia	Arzt
636	Ariahana	Jardine	Kaufmann
637	Avisha	Holcombe	Verwaltung
638	Judit	Neibert	Arzt
639	Symphorien	Aberdeen	Arzt
640	Cavanaugh	Morgandale	Arzt
641	Theren	Clara	Arzt
642	Jacquelinne	Iola	Verwaltung
643	Paraschkev	Hartsville/Hartley	Arzt
644	Bessan	Rodman	Verwaltung
645	Vinathi	Enoree	Kaufmann
646	Rola	Maury	Arzt
647	Ireneo	Joes	Verwaltung
648	Shirla	Bakersville	Verwaltung
649	Lanis	Bendon	Verwaltung
650	Landahl	Drummond	Kaufmann
651	Wajiha	Kapowsin	Verwaltung
652	Brandonjames	Hailesboro	Kaufmann
653	Daye	Ventress	Verwaltung
654	Marckson	Tedrow	Kaufmann
655	Naşide	Crayne	Arzt
656	Zahc	Wheatfields	Kaufmann
657	Sewoll	Trinway	Verwaltung
658	Wollert	Kiskimere	Verwaltung
659	Hussar	Westmoreland	Verwaltung
660	Tayler-riley	Morriston	Arzt
661	Aavin	Cloverdale	Kaufmann
662	Swasti	Yorklyn	Arzt
663	Simard	Urbana	Arzt
664	Tliyah	Otranto	Verwaltung
665	Ishmaan	Cowiche	Kaufmann
666	Nubia	Orviston	Kaufmann
667	Axl	Shindler	Arzt
668	Humair	Broadlands	Arzt
669	Betty-lou	Chalfant	Kaufmann
670	Myasia	Washington	Arzt
671	Rhandi	Blandburg	Arzt
672	Seyidaga	Saticoy	Verwaltung
673	Vigilia	Sena	Arzt
674	Vae	Roland	Arzt
675	Luxton	Lupton	Verwaltung
676	Emily-jade	Marion	Kaufmann
677	Jeria	Ellerslie	Kaufmann
678	Robbie	Twilight	Arzt
679	Vaka	Winfred	Kaufmann
680	Promyce	Navarre	Verwaltung
681	Kaima	Shrewsbury	Verwaltung
682	Ishanti	Bancroft	Verwaltung
683	Maveryck	Glenville	Arzt
684	Shaneel	Grahamtown	Kaufmann
685	Ariyelle	Blanco	Verwaltung
686	Minu	Innsbrook	Kaufmann
687	Allias	Coyote	Verwaltung
688	Oshua	Beechmont	Kaufmann
689	Marguritte	Belva	Kaufmann
690	Hikaru	Weedville	Arzt
691	Shmoolik	Frank	Verwaltung
692	Sybila	Lowell	Arzt
693	Aleckzander	Needmore	Arzt
694	Kaylaanne	Shawmut	Arzt
695	Suheidy	Otranto	Kaufmann
696	Rosaura	Talpa	Arzt
697	Winsel	Rossmore	Kaufmann
698	Lakie	Unionville	Verwaltung
699	Carlosjavier	Needmore	Verwaltung
700	Cyntoria	Cecilia	Kaufmann
701	Anayanci	Southview	Arzt
702	Vygintas	Coaldale	Kaufmann
703	Athalee	Whipholt	Verwaltung
704	Dellena	Brantleyville	Arzt
705	Ortiz-lopez	Macdona	Verwaltung
706	Loziena	Bedias	Verwaltung
707	Caythan	Wright	Arzt
708	Ahmarie	Swartzville	Verwaltung
709	Uwais	Bluetown	Kaufmann
710	Nashid	Sardis	Verwaltung
711	Gabrijel	Wiscon	Kaufmann
712	Clell	Garnet	Arzt
713	Yaileen	Charco	Kaufmann
714	Ranjani	Ypsilanti	Arzt
715	Phoebi	Benson	Verwaltung
716	Juvenal	Comptche	Arzt
717	Yehiel	Longbranch	Kaufmann
718	Lacelyn	Dexter	Kaufmann
719	Shyam	Orin	Arzt
720	Ahja	Veyo	Arzt
721	Thorfin	Coinjock	Arzt
722	Oluwalonimi	Blanford	Arzt
723	Hranislav	Diaperville	Verwaltung
724	Michelina	Blodgett	Arzt
725	Gant	Greenwich	Verwaltung
726	Luutske	Haring	Arzt
727	Ezikiel	Brewster	Verwaltung
728	Leelyn	Nipinnawasee	Kaufmann
729	Yanxin	Yorklyn	Verwaltung
730	Danar	Crown	Verwaltung
731	Biranna	Vincent	Arzt
732	Ryston	Heil	Kaufmann
733	Jae-won	Rosine	Arzt
734	Menendez-melendez	Blackgum	Verwaltung
735	Arek	Deltaville	Arzt
736	Marshalle	Fairacres	Kaufmann
737	Devenny	Wells	Arzt
738	Norvil	Vallonia	Kaufmann
739	Tatanya	Tuskahoma	Verwaltung
740	Aneyda	Umapine	Kaufmann
741	Pangle	Bynum	Verwaltung
742	Taleia	Adamstown	Kaufmann
743	Evayah	Leland	Verwaltung
744	Myajah	Waverly	Arzt
745	Nerene	Alden	Verwaltung
746	Olgen	Corriganville	Verwaltung
747	Aksil	Kohatk	Verwaltung
748	Aafke	Kenvil	Verwaltung
749	Coriah	Morgandale	Arzt
750	Sommerfield	Zeba	Arzt
751	Vidhaan	Genoa	Arzt
752	Parsnath	Germanton	Arzt
753	Clariano	Darrtown	Kaufmann
754	Dimitric	Riverton	Kaufmann
755	Rihan	Smeltertown	Kaufmann
756	Gopi	Foscoe	Kaufmann
757	Loxton	Frystown	Arzt
758	Cristina	Westboro	Verwaltung
759	Razwanur	Irwin	Verwaltung
760	Rhory	Cuylerville	Verwaltung
761	Tavraj	Fillmore	Kaufmann
762	Gibran	Bloomington	Verwaltung
763	Lilandra	Weeksville	Arzt
764	Lyazzat	Grazierville	Arzt
765	Wina	Berwind	Kaufmann
766	Bogomir	Frierson	Arzt
767	Olutomi	Felt	Verwaltung
768	Yvonni	Ryderwood	Arzt
769	Abbeygale	Whitewater	Verwaltung
770	Alsup	Spokane	Verwaltung
771	Cristino	Bend	Kaufmann
772	Hakiem	Breinigsville	Kaufmann
773	Iphagenia	Unionville	Verwaltung
774	Sadrac	Longoria	Kaufmann
775	Kaelun	Elliott	Verwaltung
776	Vedehi	Catharine	Kaufmann
777	Voldemar	Worton	Arzt
778	Maddoux	Forestburg	Verwaltung
779	Winniefred	Falconaire	Arzt
780	Simrit	Elliott	Verwaltung
781	Dearious	Deltaville	Verwaltung
782	Koraljka	Kenmar	Kaufmann
783	Owen-james	Glenville	Arzt
784	Luckas	Moquino	Arzt
785	Param	Cliff	Kaufmann
786	Lojze	Trucksville	Kaufmann
787	Hareta	Holcombe	Verwaltung
788	Valda	Norvelt	Kaufmann
789	Taneca	Tuttle	Verwaltung
790	Tiffiani	Darrtown	Kaufmann
791	Delford	Blanford	Verwaltung
792	Gemma-louise	Boykin	Kaufmann
793	Areece	Staples	Kaufmann
794	Natasia	Rivera	Verwaltung
795	Brayli	Gordon	Arzt
796	Lilyaunna	Edgar	Kaufmann
797	Wanema	Gorst	Kaufmann
798	Maclauchlan	Hachita	Verwaltung
799	Nygil	Buxton	Arzt
800	Evei	Bartley	Verwaltung
801	Nataja	Topanga	Verwaltung
802	Alette	Adelino	Arzt
803	Catherine-rose	Avalon	Kaufmann
804	Fitzroy	Wedgewood	Kaufmann
805	Wassil	Wintersburg	Verwaltung
806	Olvera-ramos	Bannock	Verwaltung
807	Cristalle	Delshire	Verwaltung
808	Davron	Lynn	Verwaltung
809	Vedanth	Adelino	Verwaltung
810	Craig-cobie	Motley	Verwaltung
811	Ethanmatthew	Herald	Kaufmann
812	Sulayman	Sanford	Verwaltung
813	Atenea	Grahamtown	Arzt
814	Pieta	Norwood	Arzt
815	Yarira	Groton	Kaufmann
816	Izaih	Leola	Kaufmann
817	Deshka	Zarephath	Verwaltung
818	Connie	Sharon	Arzt
819	Ephratah	Westboro	Verwaltung
820	Ripley	Chelsea	Arzt
821	Luca-john	Aurora	Arzt
822	Dafna	Beason	Verwaltung
823	Bruster	Hailesboro	Arzt
824	Harris	Mulino	Kaufmann
825	Snoddy	Detroit	Arzt
826	İsmail	Marysville	Kaufmann
827	Chea	Dexter	Kaufmann
828	Tequia	Wanamie	Verwaltung
829	Myrtus	Whitestone	Kaufmann
830	Escalante-diaz	Chamizal	Kaufmann
831	Momoreoluwa	Hannasville	Arzt
832	Rashanda	Snelling	Arzt
833	Diaz-cruz	Lodoga	Verwaltung
834	Myana	Cressey	Arzt
835	Antun	Masthope	Verwaltung
836	Clemetine	Monument	Kaufmann
837	Ivyanne	Brownsville	Verwaltung
838	Umaiyyah	Wheaton	Verwaltung
839	Luz	Salunga	Arzt
840	Taniah	Tivoli	Arzt
841	Keyrah	Woodlake	Kaufmann
842	Tushar	Zeba	Kaufmann
843	Feyza	Reinerton	Arzt
844	Jeanna	Umapine	Kaufmann
845	Kovil	Hoehne	Kaufmann
846	Mirranda	Roulette	Arzt
847	Ellerey	Bakersville	Kaufmann
848	Charla	Galesville	Kaufmann
849	Hansdieter	Rodanthe	Kaufmann
850	Zarlish	Brookfield	Kaufmann
851	Trijn	Crisman	Arzt
852	Mextli	Greenwich	Verwaltung
853	Ami-may	Rote	Kaufmann
854	Bouthillier	Wawona	Kaufmann
855	Christany	Bentley	Arzt
856	Jayvonne	Virgie	Verwaltung
857	Kayden-louie	Croom	Arzt
858	Karlah	Collins	Arzt
859	Maza	Saticoy	Arzt
860	Cashana	Concho	Arzt
861	Truett	Shaft	Kaufmann
862	Miaa	Loretto	Kaufmann
863	Karenina	Ona	Verwaltung
864	Yinglin	Herlong	Kaufmann
865	Kaylianna	Escondida	Verwaltung
866	Hermt	Martinez	Verwaltung
867	Rockney	Sehili	Kaufmann
868	Boye	Cherokee	Kaufmann
869	Ahsanur	Crenshaw	Kaufmann
870	Sezgin	Maury	Verwaltung
871	Anje	Chilton	Verwaltung
872	Soad	Bradenville	Verwaltung
873	Joslet	Vienna	Kaufmann
874	Kadesha	Greer	Arzt
875	Miszel	Waiohinu	Kaufmann
876	Smullin	Galesville	Arzt
877	Doroteja	Boling	Kaufmann
878	Ayise	Fruitdale	Verwaltung
879	Sinibaldo	Canoochee	Arzt
880	Shamiso	Movico	Arzt
881	Brelan	Clinton	Arzt
882	Tondrea	Whitmer	Arzt
883	Meshea	Carrizo	Arzt
884	Ejvor	Gilmore	Verwaltung
885	Kisanet	Nutrioso	Kaufmann
886	Kyoichi	Chumuckla	Kaufmann
887	Glenda	Gadsden	Verwaltung
888	Daleny	Turpin	Verwaltung
889	Dmario	Graniteville	Arzt
890	Askolds	Fivepointville	Kaufmann
891	Elizer	Rivereno	Arzt
892	Starshemah	Bagtown	Verwaltung
893	Ausonia	Hachita	Verwaltung
894	Bodi	Linwood	Verwaltung
895	Bhahadur	Roderfield	Verwaltung
896	Regína	Riegelwood	Kaufmann
897	Shakim	Springdale	Arzt
898	Umme-hani	Cavalero	Arzt
899	Gwennette	Forestburg	Kaufmann
900	Ahmaad	Konterra	Kaufmann
901	Valdas	Utting	Kaufmann
902	Anise	Wakulla	Kaufmann
903	Osnas	Ellerslie	Kaufmann
904	Sheliyah	Dale	Arzt
905	Amandalee	Benson	Verwaltung
906	Arbab	Draper	Verwaltung
907	Jimmeka	Wacissa	Kaufmann
908	Boto	Groveville	Arzt
909	Ollie-jay	Fowlerville	Verwaltung
910	Deionte	Wanamie	Arzt
911	Desamours	Eastvale	Arzt
912	Danielee	Nelson	Kaufmann
913	Argyri	Orovada	Kaufmann
914	Gerhold	Snyderville	Arzt
915	Gordillo-rosas	Cumminsville	Verwaltung
916	Epp	Hoagland	Arzt
917	Kayana	Ebro	Kaufmann
918	Dëshira	Snelling	Kaufmann
919	Mechaela	Salunga	Verwaltung
920	Getulia	Chalfant	Verwaltung
921	Luděk	Osmond	Arzt
922	Hayleigh-jai	Bodega	Arzt
923	Andrée	Bluffview	Kaufmann
924	Mouhammed	Elizaville	Verwaltung
925	Conring	Kerby	Verwaltung
926	Kavali	Dola	Kaufmann
927	Völundur	Highland	Kaufmann
928	Ingram	Bentley	Arzt
929	Lilandra	Roderfield	Arzt
930	Grahm	Boonville	Verwaltung
931	Velena	Blende	Arzt
932	Khawar	Coldiron	Kaufmann
933	Raeef	Ivanhoe	Arzt
934	Hoye	Montura	Arzt
935	Julianda	Longoria	Arzt
936	Jadeveon	Cherokee	Kaufmann
937	Demandrea	Cuylerville	Arzt
938	Coroghon	Abiquiu	Kaufmann
939	Jazabel	Lopezo	Kaufmann
940	Parisha	Glendale	Kaufmann
941	Laprovis	Crisman	Arzt
942	Jusleen	Swartzville	Arzt
943	Ashaz	Brethren	Kaufmann
944	Arvel	Efland	Arzt
945	Kailob	Rushford	Verwaltung
946	Tathan	Loretto	Verwaltung
947	Liūda	Nutrioso	Verwaltung
948	Migdalia	Johnsonburg	Verwaltung
949	Heidelore	Edgewater	Arzt
950	Carballido	Crenshaw	Kaufmann
951	Maje	Titanic	Arzt
952	Amy-mae	Germanton	Verwaltung
953	Tadarious	Fairfield	Arzt
954	Luissa	Deputy	Verwaltung
955	Tachelle	Ebro	Verwaltung
956	Kaique	Salunga	Verwaltung
957	Cartagena-rivera	Clarksburg	Verwaltung
958	Upke	Williston	Kaufmann
959	Magdalen	Gallina	Kaufmann
960	Chalsea	Nord	Verwaltung
961	Dazariah	Buxton	Arzt
962	Anusuya	Websterville	Arzt
963	Rayelle	Conestoga	Verwaltung
964	Baden	Trexlertown	Arzt
965	Arelyn	Martinsville	Kaufmann
966	Jeffre	Hegins	Kaufmann
967	Reico	Hickory	Kaufmann
968	Rynisha	Coleville	Kaufmann
969	Pantelejmon	Maybell	Arzt
970	Arantza	Olney	Kaufmann
971	Navreen	Maxville	Verwaltung
972	Jacklen	Linganore	Verwaltung
973	Hardwin	Wakulla	Arzt
974	Hanna-maria	Villarreal	Verwaltung
975	Cashon	Smeltertown	Arzt
976	Shaydin	Mansfield	Verwaltung
977	Kamai	Tooleville	Kaufmann
978	Femi	Volta	Verwaltung
979	Darese	Indio	Arzt
980	Ezrie	Savage	Arzt
981	Everal	Stockdale	Kaufmann
982	Gilemette	Golconda	Kaufmann
983	Roziyah	Rose	Verwaltung
984	Chidinma	Kieler	Kaufmann
985	Lemaire	Century	Kaufmann
986	Padriac	Darbydale	Arzt
987	Mabe	Florence	Arzt
988	Derryk	Websterville	Verwaltung
989	Coraleen	Helen	Kaufmann
990	Fidah	Yonah	Kaufmann
991	Dorianne	Clay	Verwaltung
992	Faraj	Wattsville	Arzt
993	Gurshawn	Wilmington	Verwaltung
994	Joshua-john	Fairforest	Verwaltung
995	Duie	Rivereno	Arzt
996	Meers	Caledonia	Verwaltung
997	Belén	Homeland	Verwaltung
998	Sarianna	Retsof	Verwaltung
999	Mirac	Garberville	Kaufmann
1000	Karns	Genoa	Kaufmann
1001	Shailey	Vienna	Verwaltung
1002	Merralee	Staples	Verwaltung
1003	Dasa	Fresno	Kaufmann
1004	Chely	Nettie	Kaufmann
1005	Nevea	Zeba	Verwaltung
1006	Aret	Byrnedale	Verwaltung
1007	Marilene	Clinton	Verwaltung
1008	Jaritzi	Bynum	Kaufmann
1009	Tomokazu	Kenwood	Kaufmann
1010	Tyjuan	Yukon	Arzt
1011	Jesusalberto	Longbranch	Kaufmann
1012	Cerveny	Kirk	Verwaltung
1013	Barcroft	Brownlee	Verwaltung
1014	Kaniala	Sattley	Arzt
1015	Eleisa	Chamberino	Verwaltung
1016	Becklyn	Terlingua	Arzt
1017	Dismukes	Gibsonia	Verwaltung
1018	Annyssa	Hebron	Kaufmann
1019	Tardieu	Garberville	Verwaltung
1020	Veyaan	Fruitdale	Verwaltung
1021	Japnoor	Slovan	Arzt
1022	Agra	Weogufka	Arzt
1023	Shota	Biehle	Arzt
1024	Noetzel	Winchester	Arzt
1025	Ervine	Summertown	Verwaltung
1026	Leany	Crumpler	Verwaltung
1027	Rienk	Islandia	Arzt
1028	Carleon	Vivian	Verwaltung
1029	Amarrie	Matheny	Kaufmann
1030	Sazan	Naomi	Kaufmann
1031	Rajanae	Sanders	Arzt
1032	Nsikakinamabasi	Sanders	Kaufmann
1033	Doorbal	Hayes	Kaufmann
1034	Ruzan	Rehrersburg	Arzt
1035	Danashia	Katonah	Arzt
1036	Gona	Veguita	Arzt
1037	Wiltraud	Fairmount	Kaufmann
1038	Pavanvir	Clay	Kaufmann
1039	Wishard	Retsof	Kaufmann
1040	Copto-morales	Worcester	Verwaltung
1041	Atiyyah	Hoehne	Verwaltung
1042	Makenli	Bend	Kaufmann
1043	Kumba	Fresno	Kaufmann
1044	Vallarie	Lindisfarne	Kaufmann
1045	Lamerle	Gorham	Arzt
1046	Shandrica	Rockingham	Arzt
1047	Houda	Tryon	Arzt
1048	Fedela	Longbranch	Arzt
1049	Sahnabaj	Soham	Arzt
1050	Oka	Mammoth	Kaufmann
1051	Marjanna	Chelsea	Kaufmann
1052	Mu'ath	Ada	Arzt
1053	Buren	Marion	Verwaltung
1054	Elivia	Westphalia	Kaufmann
1055	Januell	Levant	Verwaltung
1056	Laymond	Cedarville	Arzt
1057	Movses	Dunlo	Arzt
1058	Arica	Kent	Verwaltung
1059	Hodon	Devon	Arzt
1060	Tarsilio	Mapletown	Verwaltung
1061	Thayaparan	Chautauqua	Kaufmann
1062	Sherrey	Glenville	Kaufmann
1063	Eleana	Brookfield	Verwaltung
1064	Ewalda	Carlos	Arzt
1065	Mcwhorter	Nogal	Arzt
1066	Terzado	Kiskimere	Kaufmann
1067	Nefertiti	Abiquiu	Arzt
1068	Carmia	Utting	Kaufmann
1069	Caskey	Waumandee	Verwaltung
1070	Baylie	Tonopah	Arzt
1071	Meghaan	Thynedale	Kaufmann
1072	Sanfourd	Sunbury	Arzt
1073	Lessa	Kidder	Kaufmann
1074	Natsue	Klondike	Arzt
1075	Thandiwe	Bath	Kaufmann
1076	Elviz	Staples	Kaufmann
1077	Saudina	Kenmar	Verwaltung
1078	Sorenson	Wheatfields	Arzt
1079	Jhoniel	Bergoo	Verwaltung
1080	Anacoglu	Drummond	Arzt
1081	Sarianna	Greer	Kaufmann
1082	Skarlett	Hendersonville	Verwaltung
1083	Lezma	Trail	Verwaltung
1084	Maribeth	Rosburg	Kaufmann
1085	Timothé	Forestburg	Arzt
1086	Yvelise	Vernon	Verwaltung
1087	Ghabriel	Vale	Arzt
1088	Duax	Faywood	Arzt
1089	Théophile	Fredericktown	Verwaltung
1090	Lauree	Boomer	Arzt
1091	Ainhara	Guthrie	Kaufmann
1092	Bradway	Taft	Kaufmann
1093	Jadiah	Stollings	Kaufmann
1094	Sharvil	Harleigh	Verwaltung
1095	Sharleen	Fingerville	Kaufmann
1096	Auturo	Wescosville	Arzt
1097	Taijarae	Linganore	Verwaltung
1098	Daltry	Tyhee	Kaufmann
1099	Jyles	Munjor	Kaufmann
1100	Sarik	Springhill	Verwaltung
1101	Danai	Sperryville	Arzt
1102	Lamark	Elizaville	Verwaltung
1103	Janni	Cascades	Arzt
1104	Penellope	Maybell	Verwaltung
1105	Schifra	Emerald	Verwaltung
1106	Remígio	Foscoe	Kaufmann
1107	Cruze	Morgandale	Arzt
1108	Vatica	Cazadero	Kaufmann
1109	Davinna	Saranap	Kaufmann
1110	Cemile	Snowville	Verwaltung
1111	Kallin	Deseret	Kaufmann
1112	Briance	Nicholson	Kaufmann
1113	Pociask	Olney	Arzt
1114	Dorflinger	Gadsden	Arzt
1115	Dumah	Brethren	Verwaltung
1116	Phoebie	Highland	Verwaltung
1117	Bailey-marie	Deputy	Kaufmann
1118	Hua	Bonanza	Arzt
1119	Starbuck	Wikieup	Kaufmann
1120	Rhymes	Hardyville	Verwaltung
1121	Goeman	Weogufka	Verwaltung
1122	Nashelle	Kenwood	Kaufmann
1123	Riocard	Jessie	Verwaltung
1124	Kaytie	Siglerville	Verwaltung
1125	Delanty	Harleigh	Kaufmann
1126	Bronder	Sheatown	Verwaltung
1127	Tirion	Waterview	Kaufmann
1128	Tulise	Nescatunga	Verwaltung
1129	Liarna	Shepardsville	Verwaltung
1130	Yuli	Kapowsin	Kaufmann
1131	Aunesty	Goldfield	Verwaltung
1132	Sváfnir	Dalton	Verwaltung
1133	Dila	Chloride	Verwaltung
1134	Dazlyn	Gardners	Kaufmann
1135	Irian	Bendon	Kaufmann
1136	Kimberland	Clarence	Arzt
1137	Moneisha	Hendersonville	Kaufmann
1138	Marven	Wakarusa	Arzt
1139	Reyly	Felt	Arzt
1140	Shaterria	Cresaptown	Arzt
1141	Koosha	Homestead	Kaufmann
1142	Nytisha	Gambrills	Verwaltung
1143	Dilan	Neahkahnie	Arzt
1144	Akhiya	Osmond	Verwaltung
1145	Verjine	Bison	Kaufmann
1146	Peeler	Martell	Arzt
1147	Haidon	Salunga	Arzt
1148	Rochkind	Williston	Kaufmann
1149	Abbotson	Whipholt	Arzt
1150	Shadman	Brutus	Verwaltung
1151	Aubreeann	Roeville	Arzt
1152	Aldijana	Vaughn	Kaufmann
1153	Gennelle	Jamestown	Verwaltung
1154	Rayleah	Brecon	Arzt
1155	Agaba	Starks	Kaufmann
1156	Boduram	Lodoga	Kaufmann
1157	Mamduh	Suitland	Kaufmann
1158	Rajiv	Rodman	Arzt
1159	Vergos	Marienthal	Arzt
1160	Beline	Kanauga	Verwaltung
1161	Joequan	Gadsden	Arzt
1162	Yamilex	Belfair	Kaufmann
1163	Jarim	Roderfield	Kaufmann
1164	Piramo	Lacomb	Arzt
1165	Mahoghany	Nadine	Verwaltung
1166	Creasy	Caspar	Kaufmann
1167	Evely	Gila	Arzt
1168	Jadian	Bethpage	Verwaltung
1169	Chantey	Aurora	Verwaltung
1170	Amauria	Lund	Kaufmann
1171	Vayun	Smock	Verwaltung
1172	Zanisha	Bourg	Verwaltung
1173	Mibella	Knowlton	Arzt
1174	Akshaya	Ladera	Verwaltung
1175	Samber	Innsbrook	Verwaltung
1176	Miraz	Highland	Kaufmann
1177	Donold	Roeville	Verwaltung
1178	Nichele	Sidman	Verwaltung
1179	Mazzola	Manitou	Arzt
1180	Kinnear	Kula	Verwaltung
1181	Irany	Kingstowne	Arzt
1182	Doy	Leland	Verwaltung
1183	Eudena	Chase	Kaufmann
1184	Gilberte	Downsville	Kaufmann
1185	Carleah	Nadine	Arzt
1186	Mirja	Mansfield	Verwaltung
1187	Kevyon	Baker	Arzt
1188	Jasenya	Bodega	Kaufmann
1189	Rakhshan	Allentown	Arzt
1190	Orinate	Bluffview	Arzt
1191	Abhirup	Strykersville	Arzt
1192	Brence	Leyner	Kaufmann
1193	Tenslee	Wakarusa	Kaufmann
1194	Jocylyn	Detroit	Kaufmann
1195	Oddrun	Faxon	Verwaltung
1196	Aricia	Mammoth	Arzt
1197	Kaeson	Leland	Kaufmann
1198	Berber	Montura	Kaufmann
1199	Seppo	Levant	Arzt
1200	Gieneke	Fredericktown	Kaufmann
1201	Nelica	Coventry	Kaufmann
1202	Zayla	Brecon	Arzt
1203	Tyraya	Vernon	Verwaltung
1204	Eldine	Lawrence	Kaufmann
1205	Darnetha	Onton	Arzt
1206	Willidean	Robinson	Kaufmann
1207	Tjuan	Drummond	Kaufmann
1208	Kianu	Breinigsville	Verwaltung
1209	Yihao	Madrid	Arzt
1210	Tayfur	Dupuyer	Verwaltung
1211	Najis	Norfolk	Kaufmann
1212	Kiearna	Greenfields	Kaufmann
1213	Hamidah	Neibert	Verwaltung
1214	Nyja	Farmers	Arzt
1215	Emmalyn	Nash	Kaufmann
1216	Radunka	Swartzville	Arzt
1217	Levelle	Steinhatchee	Verwaltung
1218	Draven	Robbins	Verwaltung
1219	Raely	Summertown	Kaufmann
1220	Taylor-rae	Albrightsville	Verwaltung
1221	Janard	Condon	Verwaltung
1222	Janella	Tuskahoma	Arzt
1223	Stearn	Edgewater	Kaufmann
1224	Sailers	Elliston	Arzt
1225	Hamayal	Reno	Arzt
1226	Cala	Boling	Verwaltung
1227	Deakyne	Floriston	Verwaltung
1228	Ellada	Marenisco	Arzt
1229	Alanta	Yonah	Kaufmann
1230	Tenequa	Vaughn	Kaufmann
1231	Kdus	Abiquiu	Verwaltung
1232	Pompilus	Germanton	Kaufmann
1233	Osiyo	Bennett	Arzt
1234	Henesy	Graniteville	Kaufmann
1235	Ashlan	Hailesboro	Kaufmann
1236	Kyari	Munjor	Arzt
1237	Benjiman	Limestone	Arzt
1238	Saegan	Clinton	Kaufmann
1239	Mylan	Sims	Verwaltung
1240	Mirza	Frierson	Arzt
1241	Bachir	Chestnut	Kaufmann
1242	Hurmon	Springdale	Kaufmann
1243	Husni	Lemoyne	Arzt
1244	Graver	Saranap	Arzt
1245	Skyana	Chesapeake	Kaufmann
1246	Kennard	Mappsville	Kaufmann
1247	Gardina	Fillmore	Kaufmann
1248	Brockie	Brandywine	Kaufmann
1249	Flakron	Baker	Verwaltung
1250	Zarach	Calpine	Verwaltung
1251	Janier	Elfrida	Verwaltung
1252	Kalliann	Lookingglass	Kaufmann
1253	Macelynn	Falmouth	Kaufmann
1254	Džemila	Felt	Kaufmann
1255	Lakeyta	Rivers	Kaufmann
1256	Vica	Nutrioso	Kaufmann
1257	Danzel	Darrtown	Verwaltung
1258	Leeuwe	Elizaville	Arzt
1259	Tyrick	Boonville	Arzt
1260	Crystall	Driftwood	Kaufmann
1261	Lexine	Holcombe	Kaufmann
1262	Brexton	Bainbridge	Kaufmann
1263	Juriy	Wildwood	Kaufmann
1264	Tarence	Echo	Kaufmann
1265	Jerrold	Norvelt	Verwaltung
1266	Ila	Comptche	Verwaltung
1267	Fikrije	Chesterfield	Verwaltung
1268	Indiah	Clarktown	Kaufmann
1269	Aishlyn	Ada	Verwaltung
1270	Abdirahim	Caroline	Arzt
1271	Wilhelmine	Murillo	Kaufmann
1272	Himmat	Babb	Arzt
1273	Khadeijah	Stonybrook	Verwaltung
1274	Rayanah	Nile	Arzt
1275	Gianvittorio	Belva	Kaufmann
1276	Selinde	Craig	Kaufmann
1277	Treonna	Century	Arzt
1278	Magdalenka	Titanic	Verwaltung
1279	Aary	Sardis	Kaufmann
1280	Karolus	Worcester	Kaufmann
1281	Sanay	Dennard	Kaufmann
1282	Tilden	Driftwood	Verwaltung
1283	Benyameen	Blackgum	Verwaltung
1284	Ahmere	Hillsboro	Verwaltung
1285	Raimah	Gallina	Verwaltung
1286	Shavan	Glenbrook	Kaufmann
1287	Miakka	Nutrioso	Arzt
1288	Achille	Tibbie	Verwaltung
1289	Losee	Alleghenyville	Arzt
1290	Smith/kling	Elliott	Verwaltung
1291	Iniyah	Haena	Arzt
1292	Jeliyah	Verdi	Arzt
1293	Flatto	Bowmansville	Verwaltung
1294	Ľudo	Greenfields	Verwaltung
1295	Saveer	Delco	Kaufmann
1296	Silvana	Barronett	Verwaltung
1297	Puentes-landa	Vandiver	Arzt
1298	Clemmons	Centerville	Verwaltung
1299	Qadirah	Drytown	Kaufmann
1300	Careena	Slovan	Arzt
1301	Rafael	Gibsonia	Arzt
1302	Amarin	Hendersonville	Verwaltung
1303	Jadeyn	Fowlerville	Arzt
1304	Valgarður	Herlong	Arzt
1305	Noto	Edneyville	Arzt
1306	Rinna	Grenelefe	Arzt
1307	Pinuccio	Yukon	Arzt
1308	Annabelle-rose	Shawmut	Arzt
1309	Katre	Bergoo	Kaufmann
1310	Eleyana	Coral	Arzt
1311	Ladonya	Devon	Verwaltung
1312	Jvante	Clinton	Arzt
1313	Mccastle	Vivian	Verwaltung
1314	Razel	Rowe	Verwaltung
1315	Relika	Lafferty	Verwaltung
1316	Michealene	Hayes	Kaufmann
1317	Aalya	Oneida	Verwaltung
1318	Adilbek	Crenshaw	Verwaltung
1319	Azarian	Steinhatchee	Kaufmann
1320	Addylan	Ezel	Verwaltung
1321	Snæbjörg	Wildwood	Arzt
1322	Attikus	Chical	Verwaltung
1323	Ajsa	Barstow	Arzt
1324	Gamalier	Babb	Verwaltung
1325	Fakrrudeen	Cowiche	Verwaltung
1326	Anelis	Cornucopia	Kaufmann
1327	Delka	Orviston	Arzt
1328	Conboy	Worton	Arzt
1329	Borgar	Stevens	Kaufmann
1330	Geneieve	Freeburn	Kaufmann
1331	Hadfield	Fidelis	Kaufmann
1332	Gowon	Tilleda	Verwaltung
1333	Jeet	Nipinnawasee	Kaufmann
1334	Valentini	Hemlock	Arzt
1335	Pharyn	Sidman	Verwaltung
1336	Annanicole	Vowinckel	Arzt
1337	Joshawa	Ellerslie	Arzt
1338	Elonda	Lindisfarne	Kaufmann
1339	Ariano	Trucksville	Kaufmann
1340	Lotridge	Dowling	Verwaltung
1341	Messier	Emory	Arzt
1342	Hermgenes	Coleville	Verwaltung
1343	Jurgens	Healy	Verwaltung
1344	Rausch	Wyano	Arzt
1345	Sonal	Austinburg	Verwaltung
1346	Gré	Bawcomville	Verwaltung
1347	Montes	Walland	Kaufmann
1348	Sharna	Wyano	Verwaltung
1349	Byrdsong	Dellview	Arzt
1350	Sahire	Mulberry	Kaufmann
1351	Sivakumar	Brady	Arzt
1352	Baynham	Colton	Arzt
1353	Jacquinto	Alamo	Kaufmann
1354	Lataya	Sugartown	Kaufmann
1355	Georgiann	Manila	Verwaltung
1356	Josephlee	Dalton	Verwaltung
1357	Aleita	Richville	Verwaltung
1358	Sherona	Homeland	Verwaltung
1359	Marė	Canterwood	Verwaltung
1360	Yazlin	Clarksburg	Verwaltung
1361	Tinna	Southmont	Arzt
1362	Payslee	Lund	Kaufmann
1363	Aubriahna	Klondike	Kaufmann
1364	Junior-james	Veyo	Kaufmann
1365	Mareike	Norris	Verwaltung
1366	Gathers	Carbonville	Kaufmann
1367	Francisquita	Springhill	Verwaltung
1368	Curet	Sheatown	Arzt
1369	Girdhari	Coultervillle	Verwaltung
1370	Lataiya	Lumberton	Arzt
1371	Pius	Bordelonville	Kaufmann
1372	Letina	Stonybrook	Arzt
1373	Winthorpe	Gouglersville	Verwaltung
1374	Nooralha	Grenelefe	Kaufmann
1375	Quetzalli	Ripley	Verwaltung
1376	Ples	Cashtown	Verwaltung
1377	Stevona	Whitewater	Arzt
1378	Hallveig	Kersey	Arzt
1379	Nakaia	Fivepointville	Kaufmann
1380	Jerrico	Jamestown	Kaufmann
1381	Ergin	Bladensburg	Kaufmann
1382	Malloy	Aguila	Kaufmann
1383	Alaudin	Williamson	Verwaltung
1384	Jerria	Hilltop	Verwaltung
1385	Albesa	Glasgow	Arzt
1386	Gjurgjica	Warren	Kaufmann
1387	Sequena	Sylvanite	Kaufmann
1388	Chiyo	Groton	Verwaltung
1389	Kazem	Barrelville	Kaufmann
1390	Rishvik	Clinton	Arzt
1391	Bernardita	Calverton	Arzt
1392	Almuth	Kenvil	Arzt
1393	Christieann	Coinjock	Verwaltung
1394	Asyraf	Mooresburg	Kaufmann
1395	Corielle	Gardiner	Kaufmann
1396	Bunk	Forestburg	Arzt
1397	Trayanka	Moscow	Verwaltung
1398	Akoi	Motley	Verwaltung
1399	Cairns	Mathews	Kaufmann
1400	Abbie	Lithium	Arzt
1401	Nadalynn	Cloverdale	Arzt
1402	Janvi	Gardners	Arzt
1403	Alisher	Wakulla	Arzt
1404	Joyanne	Mulberry	Kaufmann
1405	Israyel	Wyano	Arzt
1406	Dietra	Fillmore	Kaufmann
1407	Mingo	Shaft	Verwaltung
1408	Calvero	Dargan	Kaufmann
1409	Caughey	Chelsea	Kaufmann
1410	Berajeta	Haena	Verwaltung
1411	Evie-jai	Sharon	Kaufmann
1412	Scott-deon	Connerton	Arzt
1413	Triss	Churchill	Arzt
1414	Amdan	Clayville	Verwaltung
1415	Elexes	Englevale	Arzt
1416	Hershi	Finzel	Verwaltung
1417	Coley	Nash	Kaufmann
1418	Madeley	Fairforest	Arzt
1419	Rippey	Grandview	Arzt
1420	Lausyn	Hackneyville	Arzt
1421	Migan	Grimsley	Verwaltung
1422	Damien-alan	Mammoth	Arzt
1423	Saint-tilie	Lodoga	Kaufmann
1424	Lanajah	Gracey	Arzt
1425	Charly	Bodega	Arzt
1426	Bechara	Neahkahnie	Arzt
1427	Ilse	Clara	Verwaltung
1428	Chaylen	Nescatunga	Kaufmann
1429	Joshelyn	Marenisco	Verwaltung
1430	Jadeah	Shepardsville	Arzt
1431	Surafel	Vale	Kaufmann
1432	Rajkali	Carlton	Arzt
1433	Logsdon	Matthews	Kaufmann
1434	Smadar	Hinsdale	Arzt
1435	Bronez	Tyhee	Verwaltung
1436	Janilee	Nanafalia	Arzt
1437	Zaviyon	Ilchester	Verwaltung
1438	Marnia	Delwood	Verwaltung
1439	Sharran	Newkirk	Verwaltung
1440	Hikeem	Terlingua	Verwaltung
1441	Rickeeta	Gardiner	Arzt
1442	Deeandra	Henrietta	Verwaltung
1443	Jaswiry	Trexlertown	Arzt
1444	Ewoma-zino	Lupton	Arzt
1445	Müjgan	Accoville	Verwaltung
1446	Ferdane	Ronco	Verwaltung
1447	Adriane-angel	Hampstead	Verwaltung
1448	Iseral	Smock	Verwaltung
1449	Ahjanay	Tuskahoma	Kaufmann
1450	Rafiel	Sheatown	Kaufmann
1451	Laquinthia	Sardis	Kaufmann
1452	Rexton	Nelson	Verwaltung
1453	Deserey	Lookingglass	Arzt
1454	Ahtyana	Brady	Kaufmann
1455	Rynlee	Thornport	Verwaltung
1456	Makenzly	Roberts	Kaufmann
1457	Isatou	Trail	Arzt
1458	Ayvion	Cecilia	Arzt
1459	Artie	Hannasville	Verwaltung
1460	Lawy	Ferney	Arzt
1461	Keenyn	Elbert	Arzt
1462	Roshuan	Chalfant	Arzt
1463	Chaitra	Nutrioso	Kaufmann
1464	Kalieah	Hegins	Kaufmann
1465	Defleice	Convent	Verwaltung
1466	Meshon	Matthews	Arzt
1467	Iza	Ballico	Arzt
1468	Bhagwant	Cazadero	Kaufmann
1469	Sione	Dunlo	Kaufmann
1470	Santino-jackson	Lookingglass	Kaufmann
1471	Hannmeike	Harrodsburg	Kaufmann
1472	Scandizzo	Hegins	Arzt
1473	Mireia	Cowiche	Verwaltung
1474	Rosie-rae	Oley	Kaufmann
1475	Volodya	Soudan	Verwaltung
1476	Sică	Hegins	Arzt
1477	Raeshell	Enlow	Kaufmann
1478	Gwenaelle	Strong	Verwaltung
1479	Athena	Mulberry	Verwaltung
1480	Dannaly	Nipinnawasee	Kaufmann
1481	Shiori	Malott	Arzt
1482	Derr	Ripley	Verwaltung
1483	Missiah	Lodoga	Kaufmann
1484	Altagracia	Escondida	Arzt
1485	Ogawa	Sisquoc	Kaufmann
1486	Asbiel	Riegelwood	Verwaltung
1487	Yahira	Lookingglass	Verwaltung
1488	Kailan	Celeryville	Verwaltung
1489	Asterio	Statenville	Kaufmann
1490	Plows	Devon	Arzt
1491	Torri	Keller	Kaufmann
1492	Galla	Frank	Arzt
1493	Deseria	Groton	Kaufmann
1494	Jemiina	Boyd	Kaufmann
1495	Arns	Biehle	Verwaltung
1496	Rounsavall	Teasdale	Verwaltung
1497	Letchworth	Centerville	Verwaltung
1498	Mesias	Rodanthe	Kaufmann
1499	Cyon	Englevale	Arzt
1500	Tawona	Oley	Arzt
1501	Fjölnir	Axis	Verwaltung
1502	Hok	Shepardsville	Verwaltung
1503	Leightyn	Baden	Arzt
1504	Deborha	Smeltertown	Kaufmann
1505	Troyu	Tampico	Verwaltung
1506	Jonessa	Elliott	Verwaltung
1507	Cruzata	Greenbush	Arzt
1508	Heio	Canoochee	Arzt
1509	Chrisna	Cutter	Arzt
1510	Arreonna	Winfred	Verwaltung
1511	Senovio	Chaparrito	Kaufmann
1512	Gunel	Cuylerville	Kaufmann
1513	Chaky	Cumminsville	Arzt
1514	Alson	Blanco	Arzt
1515	Jeramiyah	Succasunna	Kaufmann
1516	Yoshimasa	Maplewood	Kaufmann
1517	Priyana	Wanamie	Verwaltung
1518	Davanee	Cresaptown	Kaufmann
1519	Yumi	Barclay	Kaufmann
1520	Orvas	Loyalhanna	Arzt
1521	Polly	Why	Verwaltung
1522	Sadiya	Boonville	Verwaltung
1523	Krisztian	Delco	Kaufmann
1524	Martintom	Lavalette	Arzt
1525	Aigne	Taycheedah	Verwaltung
1526	Jaquelina	Ada	Verwaltung
1527	Nylayah	Datil	Verwaltung
1528	Kienna	Caln	Verwaltung
1529	Tedd	Elbert	Kaufmann
1530	Zekija	Kilbourne	Verwaltung
1531	Heui	Kanauga	Kaufmann
1532	Portugues	Denio	Arzt
1533	Sieta	Ona	Verwaltung
1534	Gosser	Lynn	Verwaltung
1535	Ingebjørg	Chaparrito	Kaufmann
1536	Akylbek	Neibert	Kaufmann
1537	Laurentine	Tecolotito	Verwaltung
1538	Otakar	Bourg	Verwaltung
1539	Bridgetta	Salix	Kaufmann
1540	Rosabal	Trona	Verwaltung
1541	Savicky	Muse	Verwaltung
1542	Calisha	Bangor	Verwaltung
1543	Diresta	Wiscon	Arzt
1544	Bethesde	Outlook	Verwaltung
1545	Killin	Strong	Arzt
1546	Nathina	Dana	Arzt
1547	Mcdorman	Templeton	Verwaltung
1548	Balázs	Lithium	Arzt
1549	Morireoluwa	Bonanza	Kaufmann
1550	Dashown	Tyro	Arzt
1551	Lucy-mae	Edinburg	Kaufmann
1552	Lowry-rojas	Walland	Kaufmann
1553	Pepillo	Malott	Kaufmann
1554	Brishauna	Lowgap	Arzt
1555	Alak	Torboy	Arzt
1556	Soria	Tilden	Kaufmann
1557	Maximus-clayton	Weedville	Arzt
1558	Ontarius	Welda	Kaufmann
1559	Suhaan	Defiance	Kaufmann
1560	Lirael	Brooktrails	Kaufmann
1561	Centeria	Woodlake	Arzt
1562	Liberato	Convent	Kaufmann
1563	Cutburth	Roland	Kaufmann
1564	Josziah	Eureka	Kaufmann
1565	Honie	Emerald	Arzt
1566	Teake	Taft	Arzt
1567	Riata	Indio	Verwaltung
1568	Marvene	Lindcove	Arzt
1569	Santrese	Alafaya	Arzt
1570	Fulwood	Keller	Arzt
1571	Sicard	Century	Kaufmann
1572	Miraj	Singer	Kaufmann
1573	Adner	Comptche	Arzt
1574	Varie	Slovan	Arzt
1575	Odina	Edgar	Arzt
1576	Yanal	Rosburg	Kaufmann
1577	Chareese	Brownlee	Verwaltung
1578	Zarife	Saddlebrooke	Kaufmann
1579	Maryelizabeth	Imperial	Kaufmann
1580	Prelesnick	Eden	Kaufmann
1581	Lashonya	Bainbridge	Kaufmann
1582	Cardwell	Zeba	Kaufmann
1583	Meridy	Disautel	Kaufmann
1584	Gilzean	Oneida	Verwaltung
1585	Taciana	Romeville	Verwaltung
1586	Damani	Bancroft	Kaufmann
1587	Remaya	Lookingglass	Arzt
1588	Dmarius	Carbonville	Arzt
1589	Lola-brooke	Falmouth	Kaufmann
1590	Armido	Croom	Arzt
1591	Salme	Woodruff	Arzt
1592	Adiyan	Goochland	Verwaltung
1593	Eirene	Lydia	Arzt
1594	Corinthians	Montura	Arzt
1595	Geremia	Ogema	Arzt
1596	Nazayah	Fresno	Arzt
1597	Daheemion	Soudan	Verwaltung
1598	Antwaun	Kenvil	Arzt
1599	Stanislaus	Bergoo	Verwaltung
1600	Jahkobi	Shaft	Kaufmann
1601	Tuman	Blue	Kaufmann
1602	Sharini	Sunbury	Arzt
1603	Estelita	Fairfield	Verwaltung
1604	Xayah	Clara	Kaufmann
1605	Vihaanreddy	Alden	Kaufmann
1606	Jaciya	Taycheedah	Arzt
1607	Berthild	Summerset	Arzt
1608	Laisvūnas	Sandston	Verwaltung
1609	Lyjah	Forestburg	Verwaltung
1610	Vardie	Selma	Kaufmann
1611	Tishia	Concho	Verwaltung
1612	Gaea	Derwood	Arzt
1613	Ivon	Riverton	Arzt
1614	Seynabou	Succasunna	Kaufmann
1615	Kiti	Gloucester	Arzt
1616	Janaysia	Abrams	Verwaltung
1617	Graecyn	Rockbridge	Verwaltung
1618	Zelai	Bascom	Arzt
1619	Shabazz	Olney	Verwaltung
1620	Holbertmancil	Bayview	Verwaltung
1621	Oliviafaith	Montura	Verwaltung
1622	Dasjia	Freelandville	Verwaltung
1623	Dunk	Boomer	Kaufmann
1624	Jersey-lou	Kapowsin	Verwaltung
1625	Riziero	Layhill	Arzt
1626	Karthika	Sexton	Arzt
1627	Annicka	Kenmar	Kaufmann
1628	Kalikow	Gambrills	Kaufmann
1629	Terraine	Lavalette	Verwaltung
1630	Eleigh	Rodman	Verwaltung
1631	Oliveah	Ribera	Kaufmann
1632	Hinnerika	Noxen	Verwaltung
1633	Bail	Greensburg	Arzt
1634	Verly	Thatcher	Arzt
1635	Sharrone	Joppa	Arzt
1636	Frode	Vienna	Arzt
1637	Jahcari	Salix	Arzt
1638	Fosca	Motley	Arzt
1639	Luker	Wiscon	Kaufmann
1640	Narbda	Brantleyville	Verwaltung
1641	Nickolette	Brantleyville	Kaufmann
1642	Jerzie	Kempton	Arzt
1643	Rahjae	Robinson	Kaufmann
1644	Gordianeer	Soham	Verwaltung
1645	Eufaula	Lemoyne	Arzt
1646	Salina	Shelby	Kaufmann
1647	Dolcho	Esmont	Kaufmann
1648	Fokke	Movico	Kaufmann
1649	Eidanas	Starks	Kaufmann
1650	Jerldine	Byrnedale	Kaufmann
1651	Üllar	Brutus	Verwaltung
1652	Ladejah	Belleview	Kaufmann
1653	Awbrey	Seymour	Arzt
1654	Jaina	Salvo	Kaufmann
1655	Odessa	Marysville	Kaufmann
1656	Latesa	Smeltertown	Arzt
1657	Justesen	Goodville	Verwaltung
1658	Þórlaug	Macdona	Kaufmann
1659	Jayvian	Wildwood	Arzt
1660	Saroja	Edenburg	Arzt
1661	Solina	Trucksville	Arzt
1662	Jabreena	Saticoy	Verwaltung
1663	Marcellino	Saticoy	Kaufmann
1664	Linkynn	Morningside	Arzt
1665	Phala	Derwood	Arzt
1666	Zakeea	Leyner	Kaufmann
1667	Zemfira	Cuylerville	Verwaltung
1668	Jessamy	Starks	Kaufmann
1669	Paesley	Knowlton	Kaufmann
1670	Buckler	Joppa	Verwaltung
1671	Leilauni	Adelino	Verwaltung
1672	Echgelmeier	Frizzleburg	Arzt
1673	Tharani	Chesterfield	Arzt
1674	Jarvaris	Sandston	Kaufmann
1675	Aahyan	Welda	Kaufmann
1676	Aj	Cresaptown	Verwaltung
1677	Gulley	Brewster	Kaufmann
1678	Emmry	Holtville	Arzt
1679	Faketa	Walton	Arzt
1680	Zayveon	Munjor	Arzt
1681	Cesare	Cavalero	Verwaltung
1682	Heisser	Belgreen	Kaufmann
1683	Aryan-kiyan	Rutherford	Verwaltung
1684	Velis	Enoree	Kaufmann
1685	Rondal	Foscoe	Verwaltung
1686	Keionte	Clarksburg	Kaufmann
1687	Alexisnicole	Herlong	Arzt
1688	Heini	Disautel	Arzt
1689	Delayna	Dodge	Verwaltung
1690	Waseem	Salvo	Verwaltung
1691	Georgett	Groton	Kaufmann
1692	Mihane	Gallina	Arzt
1693	Ajiana	Cascades	Arzt
1694	Rowlett	Gadsden	Kaufmann
1695	Euleta	Crenshaw	Kaufmann
1696	Xayvien	Strong	Verwaltung
1697	Venetka	Chicopee	Kaufmann
1698	Suzen	Cucumber	Verwaltung
1699	Foret	Durham	Kaufmann
1700	Huntley	Kimmell	Kaufmann
1701	Betzaida	Hackneyville	Verwaltung
1702	Yurani	Wilsonia	Arzt
1703	Lige	Grapeview	Kaufmann
1704	Ghada	Aguila	Arzt
1705	Chakera	Strykersville	Arzt
1706	Dlani	Outlook	Arzt
1707	Amber	Kent	Kaufmann
1708	Terriq	Gambrills	Verwaltung
1709	Cridhe	Hobucken	Kaufmann
1710	Ymke	Saddlebrooke	Verwaltung
1711	Venetis	Coleville	Arzt
1712	Kariona	Cazadero	Verwaltung
1713	Connis	Worton	Verwaltung
1714	Quinntin	Dotsero	Kaufmann
1715	Brooksey	Kimmell	Kaufmann
1716	Maroun	Independence	Arzt
1717	Ruscio	Rote	Verwaltung
1718	Taleiah	Homestead	Arzt
1719	Cenka	Belva	Verwaltung
1720	Elvina	Finderne	Verwaltung
1721	Cunnup	Rivereno	Verwaltung
1722	Allegonda	Elwood	Kaufmann
1723	Edie-rose	Urie	Arzt
1724	Tolkan	Sugartown	Verwaltung
1725	Benett	Soham	Verwaltung
1726	Jessey	Eagleville	Kaufmann
1727	Mathanaraj	Kimmell	Arzt
1728	Djordje	Camas	Kaufmann
1729	Jimika	Chalfant	Kaufmann
1730	Benford	Loma	Verwaltung
1731	Adelita	Kempton	Arzt
1732	Brend	Helen	Verwaltung
1733	Afag	Thermal	Arzt
1734	Kyeden	Savage	Kaufmann
1735	Huthayfa	Cloverdale	Verwaltung
1736	Shelane	Twilight	Arzt
1737	Jakier	Como	Verwaltung
1738	Losey	Tioga	Kaufmann
1739	Sanju	Sperryville	Kaufmann
1740	Miciah	Sardis	Verwaltung
1741	Akiana	Waikele	Verwaltung
1742	Cis	Makena	Verwaltung
1743	Garcial	Beaverdale	Kaufmann
1744	Gokul	Caledonia	Kaufmann
1745	Vukoje	Ronco	Kaufmann
1746	Jaxonjames	Southmont	Verwaltung
1747	Chitra	Callaghan	Verwaltung
1748	Jajuana	Aberdeen	Verwaltung
1749	Gummo	Lorraine	Arzt
1750	Jick	Concho	Arzt
1751	Chanai	Sheatown	Kaufmann
1752	Sharitta	Jeff	Verwaltung
1753	Jodina	Shasta	Kaufmann
1754	Dagoberto	Edgar	Arzt
1755	Khaleesi	Bancroft	Verwaltung
1756	Blackerby	Caron	Arzt
1757	Sidran	Glendale	Verwaltung
1758	Ryhana	Brogan	Verwaltung
1759	Vianna	Washington	Arzt
1760	Adrick	Darbydale	Kaufmann
1761	Ferdinanda	Boyd	Kaufmann
1762	Keionte	Tioga	Verwaltung
1763	Aisya	Ezel	Verwaltung
1764	Malaurie	Bath	Arzt
1765	Fawad	Coinjock	Kaufmann
1766	Rupprecht	Caledonia	Verwaltung
1767	Aquill	Singer	Arzt
1768	Kimura	Gulf	Arzt
1769	Hearman	Cucumber	Verwaltung
1770	Armalda	Roberts	Arzt
1771	Ashonte	Sims	Verwaltung
1772	Monisha	Bentley	Verwaltung
1773	Itzhel	Faywood	Arzt
1774	Heiderose	Shasta	Arzt
1775	Skúli	Alamo	Verwaltung
1776	Shante	Bradenville	Verwaltung
1777	Hrach	Thynedale	Kaufmann
1778	Vakare	Selma	Kaufmann
1779	Liczy	Camptown	Verwaltung
1780	Dia	Chloride	Arzt
1781	Heimo	Why	Verwaltung
1782	Tahlaya	Hobucken	Kaufmann
1783	Colvin	Vivian	Verwaltung
1784	Niculeta	Mansfield	Arzt
1785	Navjat	Oretta	Verwaltung
1786	Moshwar	Carrsville	Verwaltung
1787	Evaleigh	Magnolia	Kaufmann
1788	Shamus	Thatcher	Verwaltung
1789	Bascum	Calverton	Arzt
1790	Faige	Loomis	Kaufmann
1791	Silia	Allentown	Verwaltung
1792	Regiena	Iola	Arzt
1793	Lee-roy	Marbury	Verwaltung
1794	Puiia	Kimmell	Kaufmann
1795	Soleigh	Eureka	Arzt
1796	Yessenya	Bartley	Kaufmann
1797	Gurney	Ballico	Arzt
1798	Tarnya	Riner	Kaufmann
1799	Kero	Adelino	Arzt
1800	Jameeka	Sussex	Kaufmann
1801	Loris	Cumberland	Arzt
1802	Dymph	Waiohinu	Arzt
1803	Mahvish	Taycheedah	Arzt
1804	Voinea	Helen	Kaufmann
1805	Mayvis	Canterwood	Verwaltung
1806	Rounak	Vivian	Verwaltung
1807	Louies	Yettem	Verwaltung
1808	Amelinda	Barrelville	Arzt
1809	Tamlin	Jeff	Verwaltung
1810	Belmiro	Ona	Verwaltung
1811	Doreatha	Bluffview	Verwaltung
1812	Comeau	Grapeview	Verwaltung
1813	Malijah	Leroy	Kaufmann
1814	Chansoo	Efland	Arzt
1815	Danni-marie	Charco	Verwaltung
1816	Jerniya	Goochland	Arzt
1817	Nereya	Vaughn	Verwaltung
1818	Loagen	Frizzleburg	Verwaltung
1819	Tätje	Iola	Kaufmann
1820	Bria	Hegins	Kaufmann
1821	Dawndra	Healy	Verwaltung
1822	Dilbar	Snyderville	Arzt
1823	Ashaya	Hickory	Arzt
1824	Eston	Lodoga	Kaufmann
1825	Egbert	Mapletown	Arzt
1826	Ronique	Shawmut	Arzt
1827	Obaloluwa	Sattley	Verwaltung
1828	Laurianna	Hegins	Verwaltung
1829	Leinaar	Worton	Arzt
1830	Chama	Summerset	Kaufmann
1831	Salum	Thornport	Kaufmann
1832	Dustun	Garberville	Kaufmann
1833	Amarhi	Kansas	Verwaltung
1834	Centeria	Rivereno	Kaufmann
1835	Nabilah	Mathews	Kaufmann
1836	Orenbuch	Coalmont	Kaufmann
1837	Jubaydah	Katonah	Verwaltung
1838	Selvey	Coaldale	Kaufmann
1839	Uggi	Ypsilanti	Verwaltung
1840	Justinrobert	Farmers	Arzt
1841	Cozzolino	Deputy	Kaufmann
1842	Kashifa	Forbestown	Verwaltung
1843	Kalervo	Mulberry	Kaufmann
1844	Ganaëlle	Baden	Kaufmann
1845	Lu'ay	Blue	Kaufmann
1846	Korynne	Nettie	Arzt
1847	Gracie-mai	Eastmont	Verwaltung
1848	Anfisa	Yukon	Kaufmann
1849	Tharmakulasingam	Beaulieu	Verwaltung
1850	Zeltzin	Wedgewood	Arzt
1851	Rodrianna	Jamestown	Verwaltung
1852	Ilka	Carlos	Kaufmann
1853	Azareeyah	Coloma	Arzt
1854	Scammon	Sussex	Verwaltung
1855	Filadelfia	Cumberland	Arzt
1856	Yvonni	Rosburg	Verwaltung
1857	Machara	Inkerman	Arzt
1858	Uzoamaka	Dargan	Arzt
1859	Antn	Dola	Verwaltung
1860	Scarboro	Woodlands	Verwaltung
1861	Antronette	Wedgewood	Verwaltung
1862	Blanchard	Emison	Kaufmann
1863	Goldston	Bentonville	Kaufmann
1864	Mateu	Zarephath	Kaufmann
1865	Tallie	Snelling	Arzt
1866	Maysn	Muir	Arzt
1867	Jakiara	Fairhaven	Verwaltung
1868	Holly-marie	Homestead	Arzt
1869	Sujatha	Sandston	Verwaltung
1870	Thomasii	Summerfield	Verwaltung
1871	Lounell	Hollymead	Kaufmann
1872	Shanika	Cade	Kaufmann
1873	Gurmail	Garfield	Kaufmann
1874	Tadich	Goodville	Arzt
1875	Kerrison	Riverton	Arzt
1876	Masiello	Woodlands	Kaufmann
1877	Zebediah	Blanford	Verwaltung
1878	Abdulhay	Campo	Verwaltung
1879	Jaselyn	Murillo	Verwaltung
1880	Lachlynn	Fidelis	Kaufmann
1881	Gavrosh	Dixonville	Verwaltung
1882	Quilliams	Clarktown	Verwaltung
1883	Erlewine	Ypsilanti	Arzt
1884	शाहीन	Robbins	Kaufmann
1885	Margareth	Sardis	Verwaltung
1886	Silene	Barstow	Arzt
1887	Udall	Katonah	Arzt
1888	Chally	Walland	Verwaltung
1889	Svätoslav	Itmann	Kaufmann
1890	Alexiya	Libertytown	Arzt
1891	Laaibah	Croom	Verwaltung
1892	Gioni	Caspar	Verwaltung
1893	Spurlock	Graniteville	Verwaltung
1894	Rios	Riceville	Arzt
1895	Debbee	Winfred	Arzt
1896	Amaliah	Century	Verwaltung
1897	Filippía	Dargan	Kaufmann
1898	Janiah	Crawfordsville	Arzt
1899	Patrizius	Choctaw	Arzt
1900	Vignesh	Teasdale	Arzt
1901	Blessyn	Temperanceville	Arzt
1902	Iona	Kennedyville	Kaufmann
1903	Glenroy	Graniteville	Arzt
1904	Ropp	Fruitdale	Arzt
1905	Sieb	Salix	Verwaltung
1906	Caeson	Verdi	Verwaltung
1907	Lukacs	Denio	Kaufmann
1908	Ditter	Osage	Kaufmann
1909	Varen	Foxworth	Arzt
1910	Masaru	Cloverdale	Arzt
1911	Cotenia	Brownlee	Arzt
1912	Arunas	Keyport	Arzt
1913	Mehzabin	Garberville	Arzt
1914	Firaz	Brewster	Arzt
1915	Pearlann	Wilmington	Verwaltung
1916	Alarni	Belleview	Kaufmann
1917	Deborahh	Oley	Arzt
1918	Vangjeli	Murillo	Arzt
1919	Cohby	Knowlton	Kaufmann
1920	Babara	Chamberino	Kaufmann
1921	Labryant	Faywood	Kaufmann
1922	Thristan	Topaz	Verwaltung
1923	Kmala	Gasquet	Kaufmann
1924	Lutero	Grimsley	Arzt
1925	Zurabi	Floris	Verwaltung
1926	Banebrudge	Blandburg	Arzt
1927	Hasita	Blairstown	Verwaltung
1928	Sabas	Welch	Verwaltung
1929	Denneen	Mammoth	Arzt
1930	Roban	Boykin	Kaufmann
1931	Jaryl	Hiseville	Arzt
1932	Tessleem	Stollings	Arzt
1933	Breaghannon	Shawmut	Kaufmann
1934	Muntrin	Calverton	Arzt
1935	Rowayda	Hinsdale	Arzt
1936	Ruža	Caroline	Verwaltung
1937	Kalvn	Sidman	Arzt
1938	Rodrick	Kenvil	Verwaltung
1939	Kohrs	Winston	Verwaltung
1940	Antjuan	Homeworth	Verwaltung
1941	Khysta	Chautauqua	Arzt
1942	Dylani	Woodburn	Kaufmann
1943	Majidah	Crumpler	Kaufmann
1944	Mauer	Salunga	Verwaltung
1945	Miaamor	Torboy	Verwaltung
1946	Karmanjit	Hiwasse	Arzt
1947	Turkesha	Sisquoc	Arzt
1948	Jebril	Leming	Arzt
1949	Kipfinger	Johnsonburg	Verwaltung
1950	Kalirose	Brazos	Verwaltung
1951	Auley	Zeba	Arzt
1952	Nashreen	Tivoli	Verwaltung
1953	Urszula	Sunbury	Verwaltung
1954	Julficar	Dowling	Verwaltung
1955	Lorence	Valle	Kaufmann
1956	Lukreciya	Cornucopia	Arzt
1957	Yva	Kula	Arzt
1958	Arethia	Grenelefe	Arzt
1959	Muamir	Wescosville	Verwaltung
1960	Montie	Maury	Kaufmann
1961	Dariq	Sabillasville	Kaufmann
1962	Roseana	Ventress	Verwaltung
1963	Lusiano	Geyserville	Arzt
1964	Zao	Ladera	Verwaltung
1965	Javad	Bellamy	Verwaltung
1966	Sameeya	Orason	Verwaltung
1967	Mlakar	Herald	Arzt
1968	Samyuktha	Vernon	Kaufmann
1969	Fagin	Hendersonville	Arzt
1970	Maricha	Idledale	Kaufmann
1971	Quaseem	Shasta	Verwaltung
1972	Icsel	Allentown	Kaufmann
1973	Heinly	Salix	Arzt
1974	Latashi	Villarreal	Arzt
1975	Kaior	Leeper	Verwaltung
1976	Chanette	Clara	Kaufmann
1977	Fidencio	Abiquiu	Kaufmann
1978	Krystan	Gilmore	Kaufmann
1979	Toniya	Bison	Kaufmann
1980	Zarek	Sehili	Arzt
1981	Cornall	Cressey	Kaufmann
1982	Sonique	Graniteville	Verwaltung
1983	Gezina	Canoochee	Arzt
1984	Pietari	Tampico	Verwaltung
1985	Denine	Nord	Verwaltung
1986	Crystalee	Somerset	Kaufmann
1987	Artemios	Rivera	Kaufmann
1988	Sucely	Chloride	Kaufmann
1989	Hawaa	Colton	Verwaltung
1990	Bascom	Waterview	Arzt
1991	Casiana	Kimmell	Kaufmann
1992	Chong	Nadine	Arzt
1993	Aarnav	Leroy	Arzt
1994	Brisher	Whitehaven	Verwaltung
1995	Qorianka	Dunnavant	Arzt
1996	Tonjia	Allendale	Kaufmann
1997	Torto	Deercroft	Arzt
1998	Brielee	Kidder	Arzt
1999	Unnar	Cliffside	Kaufmann
2000	Wardell	Century	Verwaltung
2001	Annalycia	Floriston	Kaufmann
2002	Asael	Newkirk	Kaufmann
2003	Avalin	Eureka	Verwaltung
2004	Sirmons	Hemlock	Kaufmann
2005	Bérénice	Fairforest	Kaufmann
2006	Gervacio	Oberlin	Kaufmann
2007	Silvas	Shawmut	Verwaltung
2008	Reuben-james	Concho	Kaufmann
2009	Olvera	Waumandee	Verwaltung
2010	Javas	Fannett	Verwaltung
2011	Landyn	Babb	Kaufmann
2012	Annerie	Gibbsville	Kaufmann
2013	Kashanna	Zortman	Arzt
2014	Jaquante	Rockingham	Arzt
2015	Herard	Taycheedah	Verwaltung
2016	Takaia	Chesterfield	Verwaltung
2017	Abramowski	Williston	Arzt
2018	Ane	Kilbourne	Verwaltung
2019	Alkaios	Harviell	Arzt
2020	Ovies	Denio	Arzt
2021	Naiema	Malott	Arzt
2022	Heil	Holtville	Verwaltung
2023	Kemara	Harborton	Arzt
2024	Christiano	Belmont	Kaufmann
2025	Tiye	Coaldale	Verwaltung
2026	Genee	Frank	Arzt
2027	Ohana	Toftrees	Verwaltung
2028	Brodrick	Kohatk	Arzt
2029	Dempstor	Nord	Verwaltung
2030	Kypton	Whitehaven	Verwaltung
2031	Ryleighann	Riner	Arzt
2032	Arnulfo	Ona	Arzt
2033	Barboza	Belleview	Verwaltung
2034	Marya	Jeff	Arzt
2035	Talianna	Greensburg	Kaufmann
2036	Deraney	Wauhillau	Verwaltung
2037	Savine	Elliott	Verwaltung
2038	Berklin	Wheatfields	Kaufmann
2039	Nereo	Chase	Arzt
2040	Sarla	Woodburn	Verwaltung
2041	Tranquilino	Omar	Arzt
2042	Shavez	Crenshaw	Arzt
2043	Aricca	Whitmer	Arzt
2044	Ivie	Soham	Kaufmann
2045	Maisie-leigh	Hachita	Verwaltung
2046	Liano	Tioga	Kaufmann
2047	Ankie	Sena	Verwaltung
2048	Raffaella	Bawcomville	Verwaltung
2049	Abubaker	Snyderville	Verwaltung
2050	Jiacheng	Gratton	Arzt
2051	Xiuhan	Bellfountain	Arzt
2052	Fulford	Brady	Arzt
2053	Lubelihle	Helen	Verwaltung
2054	Cambon	Villarreal	Arzt
2055	Cattibrie	Malott	Arzt
2056	Javuneesha	Bowie	Verwaltung
2057	Lecresha	Salix	Kaufmann
2058	Nriti	Gila	Kaufmann
2059	Simione	Lopezo	Verwaltung
2060	Decari	Siglerville	Verwaltung
2061	Nyvea	Cresaptown	Verwaltung
2062	Ayna	Hegins	Kaufmann
2063	Trevore	Delwood	Verwaltung
2064	Hermindo	Woodlands	Arzt
2065	Asmaa	Brantleyville	Kaufmann
2066	Sergei	Wikieup	Kaufmann
2067	Keyion	Hiko	Arzt
2068	Garrelda	Tonopah	Arzt
2069	Guidotti	Brandywine	Kaufmann
2070	Ireion	Hall	Verwaltung
2071	Letemps	Fedora	Verwaltung
2072	Renninger	Rodman	Kaufmann
2073	Rubi	Neibert	Kaufmann
2074	Paulsen	Bergoo	Kaufmann
2075	Satbar	Turah	Kaufmann
2076	Boasathan	Weogufka	Kaufmann
2077	Moynihan	Blende	Verwaltung
2078	Syion	Stockwell	Verwaltung
2079	Muharem	Chalfant	Verwaltung
2080	Matildia	Trona	Kaufmann
2081	Lechner	Madaket	Verwaltung
2082	Lemual	Cressey	Kaufmann
2083	Ambroziu	Calpine	Arzt
2084	Zabil	Gratton	Verwaltung
2085	Chelcy	Fairfield	Arzt
2086	Kirsti	Churchill	Kaufmann
2087	Gromme	Jackpot	Kaufmann
2088	Erycka	Aurora	Arzt
2089	Lovingood	Bakersville	Arzt
2090	Dreydin	Wakulla	Arzt
2091	Stanika	Fannett	Arzt
2092	Annigje	Ballico	Verwaltung
2093	Lyneah	Hegins	Verwaltung
2094	Nelya	Mapletown	Kaufmann
2095	Mirelez	Grill	Kaufmann
2096	Ogg	Ada	Kaufmann
2097	Marjeanne	Clarktown	Kaufmann
2098	Flavie	Itmann	Arzt
2099	Chanpreet	Rivereno	Arzt
2100	Nikolaitcho	Richmond	Arzt
2101	Uchish	Guthrie	Verwaltung
2102	Lai	Foscoe	Arzt
2103	Tilly-anne	Valmy	Kaufmann
2104	Adai	Hobucken	Kaufmann
2105	Espejo	Coldiron	Verwaltung
2106	Cevahir	Lacomb	Verwaltung
2107	Gonzalez-gonzalez	Genoa	Kaufmann
2108	Shannyn	Gilmore	Verwaltung
2109	Hafford	Graniteville	Verwaltung
2110	Lalith	Wolcott	Kaufmann
2111	Chermaine	Carlton	Kaufmann
2112	Kailanie	Cliff	Kaufmann
2113	Manbir	Avoca	Arzt
2114	Mattthew	Homeworth	Verwaltung
2115	Þorvaldur	Bayview	Kaufmann
2116	Resi	Frystown	Arzt
2117	Kıymet	Sussex	Verwaltung
2118	Daleon	Homestead	Arzt
2119	Adonis	Oley	Verwaltung
2120	Humphries	Hickory	Kaufmann
2121	Moline	Darlington	Arzt
2122	Milleigh	Dahlen	Arzt
2123	Simphiwe	Joes	Arzt
2124	Farynn	Shawmut	Verwaltung
2125	Guinn	Whitewater	Kaufmann
2126	Laraib	Tampico	Verwaltung
2127	Manlafi	Nicut	Kaufmann
2128	Nivanna	Strong	Verwaltung
2129	Dahlton	Rowe	Kaufmann
2130	Gascon	Canoochee	Arzt
2131	Vadivelu	Sabillasville	Kaufmann
2132	Jakevis	Hoehne	Verwaltung
2133	Hyla	Gorst	Arzt
2134	Kensell	Outlook	Arzt
2135	Samory	Loveland	Verwaltung
2136	Saberhagen	Roderfield	Verwaltung
2137	Aiona	Tolu	Kaufmann
2138	Latanga	Sabillasville	Arzt
2139	Haniyaah	Sedley	Kaufmann
2140	Adalinne	Cherokee	Arzt
2141	Dempsie	Columbus	Arzt
2142	Arasely	Grantville	Kaufmann
2143	Nurhayat	Roberts	Verwaltung
2144	Sindi	Ronco	Arzt
2145	Maryha	Northchase	Kaufmann
2146	Avonell	Durham	Kaufmann
2147	Katy-jayne	Gasquet	Verwaltung
2148	Mardena	Eastvale	Kaufmann
2149	Clarence	Tyro	Kaufmann
2150	Carlena	Chemung	Arzt
2151	Breunna	Martell	Verwaltung
2152	Jindra	Loma	Arzt
2153	Dilylah	Kilbourne	Kaufmann
2154	Ellyott	Epworth	Kaufmann
2155	Jakyle	Umapine	Arzt
2156	Ehrentrud	Homeland	Arzt
2157	Chavi	Windsor	Arzt
2158	Báirbre	Hillsboro	Kaufmann
2159	Annajo	Trinway	Verwaltung
2160	Carlla	Clarence	Kaufmann
2161	Eleasah	Columbus	Verwaltung
2162	Davown	Chamberino	Arzt
2163	Zykai	Wadsworth	Verwaltung
2164	Melvern	Cherokee	Arzt
2165	Gayland	Innsbrook	Arzt
2166	Durain	Brookfield	Arzt
2167	Thoeun	Oberlin	Verwaltung
2168	Wakenda	Coral	Arzt
2169	Molly-anne	Canby	Arzt
2170	Licia	Groveville	Arzt
2171	Rigaud	Hall	Arzt
2172	Keville	Waverly	Kaufmann
2173	Cottrell	Leland	Kaufmann
2174	Gynesis	Forbestown	Verwaltung
2175	Louella	Hartsville/Hartley	Kaufmann
2176	Bassett	Berwind	Arzt
2177	Timesha	Wanamie	Arzt
2178	Miaha	Barronett	Kaufmann
2179	Sharielle	Gracey	Kaufmann
2180	Granvil	Tetherow	Kaufmann
2181	Chiamaka	Mooresburg	Verwaltung
2182	Siarah	Fairfield	Kaufmann
2183	Antania	Elizaville	Kaufmann
2184	Pjay	Matthews	Kaufmann
2185	Metty	Lafferty	Arzt
2186	Hayley-jade	Yardville	Kaufmann
2187	Frédéric	Bordelonville	Kaufmann
2188	Guner	Disautel	Arzt
2189	Addeline	Logan	Verwaltung
2190	Izobel	Rose	Kaufmann
2191	Mankirt	Fruitdale	Kaufmann
2192	Brytni	Northridge	Verwaltung
2193	Kerli	Clinton	Arzt
2194	Rokiya	Epworth	Arzt
2195	Tosca	Balm	Arzt
2196	Walee	Brethren	Arzt
2197	Stojko	Dexter	Verwaltung
2198	Firoza	Condon	Verwaltung
2199	Subeetha	Dahlen	Verwaltung
2200	Merdell	Bowden	Arzt
2201	Quan	Elizaville	Arzt
2202	Jadin	Floris	Verwaltung
2203	Diandria	Interlochen	Arzt
2204	Macana	Rushford	Kaufmann
2205	Tramelle	Axis	Verwaltung
2206	Camerron	Lindisfarne	Arzt
2207	Odino	Mappsville	Arzt
2208	Thanh	Navarre	Verwaltung
2209	Tiko	Homestead	Arzt
2210	Mckynleigh	Bluetown	Verwaltung
2211	Indrek	Sunnyside	Arzt
2212	Cestar	Otranto	Verwaltung
2213	Mohamed-amin	Wolcott	Verwaltung
2214	Nyeesha	Fontanelle	Kaufmann
2215	Morihiro	Southview	Kaufmann
2216	Zainab	Ballico	Verwaltung
2217	Yaleiza	Lorraine	Verwaltung
2218	Javae	Stockdale	Kaufmann
2219	Kellie-marie	Manila	Verwaltung
2220	Marcelin	Dante	Kaufmann
2221	Geneen	Caberfae	Kaufmann
2222	Arlana	Wintersburg	Verwaltung
2223	Menefee	Conestoga	Arzt
2224	Gwyne	Greenock	Kaufmann
2225	Skylee	Clarktown	Arzt
2226	Cydnei	Orovada	Kaufmann
2227	Zaphira	Bonanza	Arzt
2228	Shannin	Whitehaven	Arzt
2229	Wardah	Wanship	Kaufmann
2230	Jenasis	Wiscon	Verwaltung
2231	Lobban	Fairhaven	Verwaltung
2232	Ýmir	Innsbrook	Kaufmann
2233	Qi	Chelsea	Arzt
2234	Oberstone	Moquino	Arzt
2235	Yoandri	Bannock	Arzt
2236	Tomatra	Idledale	Kaufmann
2237	Mishan	Longoria	Arzt
2238	Almanda	Tuskahoma	Kaufmann
2239	Joselyn	Magnolia	Kaufmann
2240	Jordahn	Rowe	Verwaltung
2241	Charade	Greenfields	Verwaltung
2242	Hae	Dellview	Kaufmann
2243	Bardhi	Trona	Kaufmann
2244	Insaf	Elliston	Arzt
2245	Mailen	Kaka	Kaufmann
2246	Manica	Vivian	Kaufmann
2247	Nadžija	Hampstead	Arzt
2248	Frazey	Ypsilanti	Verwaltung
2249	Mastranunzio	Fivepointville	Verwaltung
2250	Ratibor	Chapin	Verwaltung
2251	Kenne	Ogema	Verwaltung
2252	Dorrene	Dragoon	Kaufmann
2253	Zahniyah	Nettie	Kaufmann
2254	Omparkesh	Collins	Verwaltung
2255	Demonta	Rose	Kaufmann
2256	Shantay	Hoagland	Kaufmann
2257	Skyanna	Beyerville	Arzt
2258	Silvestru	Santel	Arzt
2259	Galynn	Crisman	Verwaltung
2260	Maricelis	Deltaville	Kaufmann
2261	Dominyck	Rushford	Arzt
2262	Malekia	Canoochee	Verwaltung
2263	Breindy	Magnolia	Kaufmann
2264	Raishawn	Bartonsville	Kaufmann
2265	Arefa	Callaghan	Kaufmann
2266	Levonda	Hollins	Kaufmann
2267	Reesi	Taft	Kaufmann
2268	Onic	Shawmut	Arzt
2269	Laylonni	Bancroft	Kaufmann
2270	Martres	Tilleda	Kaufmann
2271	Melisenda	Naomi	Arzt
2272	Aleatha	Craig	Verwaltung
2273	Hypes	Takilma	Kaufmann
2274	Yazleen	Glasgow	Verwaltung
2275	Shawnmichael	Rockbridge	Arzt
2276	Joaqun	Cazadero	Kaufmann
2277	Kristynn	Echo	Arzt
2278	Yesim	Waukeenah	Verwaltung
2279	Thorr	Dale	Verwaltung
2280	Poorna	Frizzleburg	Arzt
2281	Shaikh	Valle	Verwaltung
2282	Ceitidh	Greenfields	Arzt
2283	Enio	Hackneyville	Kaufmann
2284	Zelmy	Clarence	Kaufmann
2285	Blois	Brule	Verwaltung
2286	Shanndolyn	Ticonderoga	Verwaltung
2287	Batte	Coalmont	Kaufmann
2288	Kumi	Bascom	Verwaltung
2289	Sirmichael	Sheatown	Verwaltung
2290	Miette	Driftwood	Arzt
2291	Mariaann	Blue	Kaufmann
2292	Lindley	Loveland	Kaufmann
2293	Nanika	Winchester	Kaufmann
2294	Herra	Gerton	Kaufmann
2295	Juras	Waverly	Verwaltung
2296	Gildo	Carlton	Arzt
2297	Monico	Kapowsin	Arzt
2298	Laquisa	Caledonia	Verwaltung
2299	Bumpers	Catherine	Kaufmann
2300	Cotrina	Martinsville	Arzt
2301	Derone	Chapin	Kaufmann
2302	Frerich	Avoca	Arzt
2303	Angyalka	Madrid	Kaufmann
2304	Croydon	Islandia	Kaufmann
2305	Jaryiah	Cawood	Verwaltung
2306	Nurques	Westboro	Verwaltung
2307	Annerose	Downsville	Verwaltung
2308	Magne	Faywood	Kaufmann
2309	Frak	Linwood	Verwaltung
2310	Dahnish	Reno	Kaufmann
2311	Akvile	Bedias	Verwaltung
2312	Greathouse	Weogufka	Kaufmann
2313	Trinea	Beason	Kaufmann
2314	Kumaran	Henrietta	Arzt
2315	Jonnatan	Datil	Kaufmann
2316	Nickie	Beason	Kaufmann
2317	Paisli	Connerton	Verwaltung
2318	Ljube	Terlingua	Kaufmann
2319	Rahmir	Marenisco	Verwaltung
2320	Lizvette	Watrous	Kaufmann
2321	Sahai	Crenshaw	Verwaltung
2322	Nuray	Caln	Arzt
2323	Lourenco	Iberia	Kaufmann
2324	Temuujin	Nelson	Arzt
2325	Destannie	Sheatown	Arzt
2326	Mongeon	Tampico	Arzt
2327	Aemon	Dexter	Verwaltung
2328	Neima	Nile	Arzt
2329	Alyissa	Edmund	Verwaltung
2330	Candess	Kaka	Arzt
2331	Adosinda	Waukeenah	Verwaltung
2332	Efterpi	Allamuchy	Arzt
2333	Timmothy	Elrama	Verwaltung
2334	Régina	Nanafalia	Kaufmann
2335	Rayla	Bynum	Kaufmann
2336	Alioune	Wollochet	Arzt
2337	Sunya	Edgewater	Kaufmann
2338	Helya	Oberlin	Arzt
2339	Rendijs	Belva	Kaufmann
2340	Bentzel	Collins	Arzt
2341	Boote	Trucksville	Verwaltung
2342	Dejaa	Garnet	Verwaltung
2343	Dustine	Gila	Verwaltung
2344	Adonay	Catharine	Arzt
2345	Claritsa	Lutsen	Verwaltung
2346	Konain	Alleghenyville	Arzt
2347	Abbiegale	Hilltop	Verwaltung
2348	Danykah	Irwin	Arzt
2349	Vithusan	Navarre	Arzt
2350	Lauriann	Sunwest	Verwaltung
2351	Maisy-may	Martinsville	Arzt
2352	Allieanna	Rodman	Arzt
2353	Alvada	Zarephath	Arzt
2354	Croyde	Edgar	Verwaltung
2355	Beatricea	Century	Arzt
2356	Freya-marie	Fresno	Kaufmann
2357	Kerric	Waterford	Kaufmann
2358	Goldia	Golconda	Kaufmann
2359	Zekial	Thomasville	Kaufmann
2360	Jeko	Glenbrook	Verwaltung
2361	Deaun	Fairfield	Verwaltung
2362	Laronna	Jacksonwald	Arzt
2363	Yassere	Breinigsville	Arzt
2364	Imtiyaaz	Macdona	Kaufmann
2365	Scrivenor	Sterling	Arzt
2366	Bejtullah	Dixonville	Arzt
2367	Thomias	Delwood	Verwaltung
2368	Avyana	Welda	Arzt
2369	Jahnice	Harleigh	Arzt
2370	Traye	Hebron	Arzt
2371	Cuello	Fairlee	Arzt
2372	Corton	Soham	Verwaltung
2373	Mullens	Sunbury	Arzt
2374	Carling	Yorklyn	Kaufmann
2375	Elings	Lloyd	Verwaltung
2376	Ximenes	Woodruff	Kaufmann
2377	Ryllan	Nogal	Verwaltung
2378	Marsel	Noxen	Verwaltung
2379	Machell	Levant	Kaufmann
2380	Kaelib	Sutton	Arzt
2381	Rajohn	Hailesboro	Verwaltung
2382	Trinie	Jennings	Arzt
2383	Luallen	Frierson	Verwaltung
2384	Elenora	Stewart	Kaufmann
2385	Rether	Tyro	Kaufmann
2386	Sachidanand	Tibbie	Verwaltung
2387	Hazelmarie	Buxton	Verwaltung
2388	Cadhla-rose	Vallonia	Verwaltung
2389	Tanikia	Malott	Verwaltung
2390	Navdeep	Westphalia	Verwaltung
2391	Nikaniki	Innsbrook	Kaufmann
2392	Morane	Marion	Arzt
2393	Fyodor	Ernstville	Arzt
2394	Ramey	Bawcomville	Verwaltung
2395	Avitzur	Martinsville	Arzt
2396	Nadabas	Kula	Kaufmann
2397	Katie-lea	Chestnut	Verwaltung
2398	Aaloni	Tioga	Arzt
2399	Shardonnay	Glidden	Kaufmann
2400	Nabbs	Gouglersville	Verwaltung
2401	Zamyriah	Irwin	Kaufmann
2402	Nancylou	Hilltop	Arzt
2403	Marthienus	Como	Arzt
2404	Demetricus	Dragoon	Verwaltung
2405	Everhart	Laurelton	Kaufmann
2406	Fernandina	Alfarata	Kaufmann
2407	Lorenna	Martinez	Verwaltung
2408	Alceste	Edenburg	Verwaltung
2409	Desiya	Snowville	Kaufmann
2410	Varol	Cornucopia	Verwaltung
2411	Amrik	Galesville	Arzt
2412	Schreiber	Drummond	Kaufmann
2413	Inocenţiu	Sanborn	Kaufmann
2414	Siety	Belmont	Verwaltung
2415	Sharniqua	Vicksburg	Kaufmann
2416	Denecia	Thermal	Arzt
2417	Monserat	Navarre	Verwaltung
2418	Ohran	Dotsero	Arzt
2419	Sveina	Greenbackville	Arzt
2420	Aalap	Strong	Verwaltung
2421	Aliesha-may	Herbster	Kaufmann
2422	Tanyra	Hessville	Kaufmann
2423	Masayoshi	Bellfountain	Kaufmann
2424	Jayvonne	Shawmut	Kaufmann
2425	Drizzt	Nogal	Arzt
2426	Elleona	Marbury	Arzt
2427	Azriel	Lithium	Kaufmann
2428	Bury	Crumpler	Arzt
2429	Amandev	Munjor	Verwaltung
2430	Heidiann	Fairlee	Kaufmann
2431	Laufer	Glidden	Arzt
2432	Markul	Ryderwood	Verwaltung
2433	Armer	Trona	Kaufmann
2434	Pratt	Bluffview	Kaufmann
2435	Elizabethanne	Greenwich	Kaufmann
2436	Kedzie	Clay	Arzt
2437	Taylor-	Marbury	Arzt
2438	Willisa	Cresaptown	Verwaltung
2439	Aarv	Sena	Kaufmann
2440	Evra	Freelandville	Kaufmann
2441	Labrisha	Needmore	Arzt
2442	Akins	Delshire	Verwaltung
2443	Raphaële	Wolcott	Verwaltung
2444	Qiang	Hampstead	Verwaltung
2445	Torrey	Oley	Arzt
2446	Sargon	Downsville	Verwaltung
2447	Sileas	Blodgett	Verwaltung
2448	Alaïs	Russellville	Arzt
2449	Carmody	Davenport	Kaufmann
2450	Avanta	Dola	Verwaltung
2451	Cohdi	Ventress	Arzt
2452	Areona	Sanborn	Verwaltung
2453	Oľga	Grapeview	Kaufmann
2454	Lyasia	Talpa	Verwaltung
2455	Kinyetta	Neahkahnie	Kaufmann
2456	Cellina	Teasdale	Arzt
2457	Ashaz	Glenville	Arzt
2458	Guðjón	Richville	Kaufmann
2459	Satyajit	Sattley	Arzt
2460	Wengel	Takilma	Verwaltung
2461	Horatio	Bartley	Kaufmann
2462	Wendyl	Brookfield	Kaufmann
2463	Dylenn	Toftrees	Verwaltung
2464	Dominic-lee	Brandywine	Verwaltung
2465	Millur	Loretto	Verwaltung
2466	Diffenderffer	Layhill	Verwaltung
2467	Lennox-james	Thynedale	Kaufmann
2468	Mckalyn	Walker	Kaufmann
2469	Ahmaya	Leming	Verwaltung
2470	Colena	Layhill	Verwaltung
2471	Quaseem	Beason	Verwaltung
2472	Celil	Graball	Arzt
2473	Natália	Libertytown	Kaufmann
2474	Hasnayn	Magnolia	Arzt
2475	Shmeka	Dunnavant	Arzt
2476	Luissa	Bethany	Kaufmann
2477	Raeyana	Kenwood	Kaufmann
2478	Jisselle	Manchester	Kaufmann
2479	Nolin	Kula	Arzt
2480	Kalyan	Forbestown	Arzt
2481	Horatius	Dubois	Verwaltung
2482	Larayah	Cowiche	Kaufmann
2483	Duester	Joes	Verwaltung
2484	Plumer	Ruffin	Kaufmann
2485	Inie	Mayfair	Kaufmann
2486	Yahushua	Coleville	Kaufmann
2487	Jnyla	Datil	Kaufmann
2488	Edema	Edmund	Arzt
2489	Raddatz	Masthope	Kaufmann
2490	Dimitrina	Succasunna	Arzt
2491	Campy	Tonopah	Kaufmann
2492	Kasi	Williamson	Kaufmann
2493	Markeil	Stockwell	Arzt
2494	Cokeley	Norvelt	Arzt
2495	Mersadiez	Brownlee	Verwaltung
2496	Napolillo	Falconaire	Kaufmann
2497	Janeece	Manchester	Verwaltung
2498	Cerryn	Steinhatchee	Kaufmann
2499	Treasia	Bowden	Verwaltung
\.


--
-- Data for Name: projekt; Type: TABLE DATA; Schema: public; Owner: aladin
--

COPY public.projekt ("PNAME", "PNR", "P_BESCHR", "P_LEITER") FROM stdin;
Datawarehouse	1	lorem ipsum a sociosqu purus lorem conubia turpis ultricies fringilla lacinia aliquam interdum elit lobortis ultricies vestibulum imperdiet elementum vulputate ullamcorper mattis inceptos dictum porta felis praesent dictum dictum leo amet congue lectus aliquet aliquet lacinia lacus habitasse fringilla consequat lacinia purus consequat placerat urna habitant sed ad at ornare aenean magna nec porta tellus vehicula congue pharetra lorem volutpat nostra maecenas placerat felis pretium potenti vestibulum molestie quis vivamus	142
Intranet	2	lorem ipsum aliquam ac pellentesque eros elementum eu platea ullamcorper mauris porta rutrum platea justo imperdiet tincidunt ut elit lobortis porta neque accumsan metus vitae netus dictumst lacus condimentum per curae cursus est per eros auctor orci donec lorem diam varius interdum mauris massa phasellus taciti mauris metus taciti vulputate amet arcu leo etiam aptent cubilia fames egestas massa suscipit nunc aliquam torquent nam enim pretium gravida cras tellus justo netus suscipit erat tortor conubia felis diam ipsum mattis non posuere quis vehicula donec tellus	322
Projekt 2000	3	lorem ipsum adipiscing blandit turpis viverra elementum etiam dictumst lectus elementum metus blandit neque cursus lobortis nullam cubilia habitasse proin non massa dui interdum aliquet porta auctor convallis sapien posuere posuere auctor augue adipiscing malesuada integer congue est euismod blandit neque nisl cursus felis turpis mi nec luctus justo consequat quam arcu phasellus dolor justo aenean	140
VU	4	lorem ipsum vestibulum aliquet cubilia integer non purus a aptent ligula vehicula feugiat consequat placerat condimentum aliquam risus vulputate risus mattis molestie feugiat viverra porta ornare curae venenatis laoreet justo nibh justo curabitur taciti magna platea hendrerit lorem risus vehicula curabitur non a mauris laoreet fermentum non ultrices nullam non lorem gravida iaculis adipiscing aliquam hac pellentesque nibh massa lacus per phasellus sollicitudin litora tortor cras turpis aptent diam vehicula est pretium inceptos purus nam nunc felis erat id torquent primis id feugiat sagittis est sit	299
Project-X	5	lorem ipsum aliquam sed bibendum donec aenean pretium aliquet lobortis nulla platea quis arcu scelerisque amet consectetur porttitor tortor cras aenean sit lacinia netus torquent commodo fusce malesuada mi leo mauris duis elit facilisis venenatis aenean auctor turpis tincidunt sollicitudin ante nulla porttitor integer lectus ligula porttitor convallis maecenas erat congue habitant semper praesent accumsan volutpat congue hac sodales consectetur non elit lectus ullamcorper ornare fusce nullam praesent sem molestie accumsan cubilia nullam quisque ullamcorper at consectetur eleifend vehicula ullamcorper suscipit consectetur viverra inceptos sagittis aliquam eros	300
Orion	6	lorem ipsum amet nec torquent imperdiet ipsum rutrum viverra nisi suspendisse nullam potenti id leo cubilia arcu dui placerat hendrerit turpis velit faucibus semper senectus litora senectus lacus ullamcorper ultricies tempus mollis ligula nostra vestibulum duis vestibulum lectus eleifend gravida metus felis habitant ultricies ut quis nam adipiscing lorem non ante nulla inceptos dictum aliquam leo donec ac lacinia erat venenatis bibendum varius pretium curabitur cras fringilla porta adipiscing hac	305
Phoenix	7	lorem ipsum quisque torquent cras ante tincidunt class dolor ullamcorper leo quisque lacus habitant viverra dui feugiat rutrum auctor nunc est pulvinar sed class maecenas sapien purus nisi erat pharetra torquent adipiscing ultricies habitant lacinia lectus commodo torquent quisque per eros convallis neque phasellus lectus inceptos habitasse blandit massa convallis fusce aliquam massa tempus dapibus duis curabitur ut vel ut risus lobortis lectus sodales est ante convallis vestibulum	14
Piglet	8	lorem ipsum ultricies mattis lacinia conubia dui nulla turpis iaculis ultricies arcu egestas nostra semper vel sem netus enim quisque viverra eros etiam ornare donec ad habitasse elit urna gravida facilisis vivamus dapibus orci hac litora mollis habitant consectetur sagittis hendrerit sit curabitur curabitur potenti urna congue bibendum aliquet mauris laoreet nunc eu erat fames porta lacus gravida nulla primis tristique porta cursus aenean dapibus vulputate pretium egestas dolor purus elit egestas platea leo est aptent sem potenti justo sapien massa dapibus ad laoreet adipiscing aliquam curae porttitor ut vehicula	412
Prelude	9	lorem ipsum posuere netus at magna odio consequat aliquam dolor quisque habitasse nisl imperdiet pellentesque quisque fringilla iaculis est lacinia eget id hac ac himenaeos leo malesuada condimentum sollicitudin mollis a consequat porta fringilla duis pellentesque vulputate viverra posuere praesent convallis litora nullam lacinia lacinia dapibus lacinia donec class malesuada fames ut tortor turpis aliquam lorem in dolor dictumst diam etiam taciti erat	198
Green Storm	10	lorem ipsum hac libero duis mattis malesuada vehicula tincidunt faucibus elit lectus sed ligula etiam nisi ultrices imperdiet sit litora massa odio dictumst augue molestie a placerat cubilia class hendrerit ut risus donec aliquam enim nisi in leo posuere mauris nisl venenatis hac risus congue in iaculis adipiscing id ligula ut rhoncus volutpat nibh cursus	82
Rapid Dirt	11	lorem ipsum lacus curabitur cras ac elementum fames tempor euismod sem inceptos a nostra non nam commodo fames auctor ullamcorper duis risus orci dui cras hac ac convallis feugiat curabitur netus bibendum aliquam habitasse sociosqu rhoncus quam amet posuere sem porta senectus condimentum ipsum metus nisl lacinia torquent elementum auctor dui pretium neque congue platea sem litora volutpat curabitur accumsan iaculis eu quisque cras donec primis id eu urna platea phasellus auctor platea pretium	326
Python	12	lorem ipsum quam in sapien feugiat mollis placerat augue nisi felis vitae donec elementum ut senectus etiam tellus euismod class ac lorem diam lacus ad mauris tortor vehicula netus dapibus eros erat in vel egestas varius hendrerit egestas himenaeos facilisis nisl pharetra quisque in orci lacus lobortis nec volutpat et sit dictumst diam quisque cubilia primis phasellus tincidunt donec lobortis ac felis metus magna cras nunc praesent accumsan phasellus posuere mattis donec vitae consectetur faucibus habitant ornare nostra lorem platea tempus aptent leo quisque taciti at odio odio tortor suscipit commodo suspendisse inceptos inceptos eros luctus convallis curabitur	338
Quadro	13	lorem ipsum adipiscing vitae nunc quis et donec mattis lectus urna et fermentum diam hendrerit rhoncus et dui integer donec massa mattis hac platea sit leo eleifend feugiat habitant congue aptent tempor iaculis senectus nullam lobortis luctus felis primis lacus sed gravida hac potenti conubia aenean congue varius cras tristique nibh vel maecenas	15
Quicksilver	14	lorem ipsum magna vitae curabitur consectetur sollicitudin sed quisque mauris pharetra massa platea ut commodo laoreet aliquam erat nec ultricies adipiscing aliquam accumsan lorem dapibus nostra magna potenti eget eros leo pretium consectetur amet donec etiam auctor sociosqu porttitor integer duis torquent donec justo dapibus velit eros mi varius augue senectus laoreet odio sagittis tristique suscipit taciti ad consequat etiam pellentesque nunc ligula cubilia tempor	317
Rampage	15	lorem ipsum curae luctus vitae malesuada id placerat platea aliquam faucibus id etiam semper pellentesque luctus fermentum curabitur nec etiam taciti praesent amet per rutrum nam curae potenti habitant duis interdum a luctus lacinia eu consectetur consectetur per pellentesque suspendisse volutpat egestas convallis augue netus dapibus lacinia ipsum ornare ligula quis laoreet nec auctor iaculis quis faucibus risus pellentesque aenean ornare cursus congue sit pulvinar dapibus cursus blandit diam dolor	158
Riviera	16	lorem ipsum non senectus elementum ullamcorper fusce lectus etiam suspendisse vivamus facilisis aenean luctus non tellus tellus suscipit justo lectus aliquet hac lobortis ullamcorper tempor donec orci lacinia donec lorem tempus maecenas sit pretium ultricies massa dolor volutpat adipiscing quam donec curabitur mollis interdum habitant semper mauris donec elit erat curabitur mollis leo senectus himenaeos in odio vitae mi lectus donec himenaeos porta hac neque tellus platea molestie quam etiam sodales proin eu fermentum ipsum scelerisque id velit euismod quis convallis odio fermentum	309
Massive Monkey	17	lorem ipsum enim imperdiet fringilla aptent fringilla fermentum eleifend venenatis nulla purus accumsan hendrerit donec ligula varius etiam ut faucibus placerat lobortis in diam vehicula tortor proin volutpat praesent odio semper aliquam vehicula volutpat blandit laoreet suspendisse erat curabitur proin etiam ante scelerisque sem consequat pretium mollis placerat tempor primis eu magna lectus ornare platea scelerisque vel eleifend in consectetur fusce habitasse leo pellentesque semper tincidunt sem felis enim velit donec tristique cras tristique dapibus lorem hendrerit tortor sollicitudin dictumst rhoncus erat risus porttitor pulvinar purus lacus leo	125
Romeo	18	lorem ipsum curae tempus sem rutrum netus purus lectus amet ullamcorper sagittis interdum eleifend sociosqu sociosqu vitae quam mattis aliquam litora nunc et phasellus fermentum nulla blandit a cursus porttitor ut erat erat leo amet vehicula massa pulvinar bibendum ut tortor libero tempor hendrerit mauris torquent accumsan porttitor sit quam donec ac morbi suscipit id elementum conubia mi nulla volutpat fringilla eros curabitur convallis elementum phasellus interdum vulputate iaculis aenean aptent ultricies in ante ornare sapien mollis mi fermentum diam mauris netus ac ullamcorper amet volutpat himenaeos urna facilisis ultricies varius imperdiet feugiat sed fusce condimentum cursus et	106
Reborn Flag	19	lorem ipsum accumsan augue libero ultrices ipsum dolor id placerat augue magna at nullam blandit class amet in eget convallis cubilia senectus sem curabitur eu nisi placerat in auctor ac dapibus hendrerit sodales pretium hac condimentum fusce sed senectus pharetra metus aptent mollis cubilia venenatis quisque class egestas interdum ante dapibus accumsan quam leo pellentesque id hendrerit nec facilisis sem placerat id mollis nullam sollicitudin ad	210
Intense Lama	20	lorem ipsum senectus turpis pulvinar per viverra faucibus sagittis vel sodales inceptos primis ut eros etiam ullamcorper lacinia quis pulvinar ipsum lacinia a quis inceptos proin iaculis molestie himenaeos at vivamus in dolor tortor orci integer hendrerit rhoncus eu mauris placerat malesuada cubilia neque neque conubia urna pulvinar amet et varius magna ipsum feugiat suscipit aliquam interdum vitae eget purus laoreet tristique id ligula accumsan viverra aenean diam ut nam metus egestas dui sollicitudin cras imperdiet tempus aptent eu habitasse eu etiam habitasse porttitor suscipit id lobortis in ipsum nostra aenean class	453
Royal	21	lorem ipsum odio mattis nibh quis euismod tellus nisl condimentum eros sociosqu et cubilia molestie at integer taciti primis ut libero elementum feugiat eget amet facilisis fermentum class enim taciti in scelerisque consequat fermentum adipiscing hac aenean donec mauris aliquet habitasse potenti ornare malesuada eget scelerisque faucibus egestas massa leo	388
Tungston	22	lorem ipsum integer eu ligula nunc justo semper non fermentum euismod condimentum tincidunt ante non lectus nam porttitor pulvinar quis odio congue accumsan sodales erat sem hendrerit eget suscipit diam blandit habitant sagittis morbi accumsan vitae etiam eleifend molestie proin feugiat venenatis per suspendisse turpis quam conubia luctus odio tincidunt purus ad ut vulputate tristique porttitor fringilla tempus condimentum est duis tellus sit ornare nisi consectetur taciti donec risus amet quam senectus lectus aenean arcu ornare felis donec posuere laoreet diam ut sodales nibh himenaeos arcu erat viverra	211
Sahara	23	lorem ipsum id rhoncus commodo eleifend velit consectetur venenatis torquent dictum enim curabitur platea arcu consectetur amet auctor nam venenatis bibendum accumsan consequat malesuada nec luctus accumsan risus condimentum fermentum dui malesuada sem integer donec quis lobortis commodo fringilla erat suspendisse habitant curabitur potenti nisl netus ad ornare euismod etiam malesuada metus maecenas aliquet egestas massa quam venenatis quisque dapibus vestibulum sed sodales adipiscing hac viverra nibh scelerisque augue per himenaeos primis id scelerisque tempus inceptos quis himenaeos aptent sagittis in quisque turpis nibh ut ipsum nostra vivamus volutpat	360
Antique	24	lorem ipsum eleifend metus placerat egestas viverra ut curabitur sagittis est taciti enim feugiat porttitor feugiat cras posuere ligula pharetra potenti euismod duis vestibulum consequat adipiscing ullamcorper amet justo leo volutpat aliquam fusce maecenas convallis quisque donec euismod aenean rutrum donec senectus sed ipsum primis duis elit ultrices a at iaculis curae ullamcorper curabitur sed sociosqu augue viverra tristique consequat odio nunc tortor morbi erat senectus hac tincidunt turpis lobortis metus ac pretium iaculis ligula molestie fames class at malesuada molestie	231
Sputnik	25	lorem ipsum magna quam hendrerit per viverra lorem erat risus aliquet eu mattis rutrum mauris tempus metus blandit vehicula orci orci aliquet placerat class netus curabitur tincidunt suspendisse nibh tristique feugiat lacus vivamus vel dictum luctus est lorem nam fringilla tortor porttitor integer turpis per per tincidunt sed congue velit fusce venenatis consectetur tristique integer dui justo nec dui facilisis quisque integer platea sociosqu vel congue dui ipsum felis non magna nibh facilisis taciti mollis mattis dolor massa diam quisque hendrerit maecenas rutrum platea	187
Sunergy	26	lorem ipsum tempor ultrices pharetra mattis fusce lacinia cursus tortor interdum semper laoreet consequat tempor quis ultricies mauris a varius aliquam cubilia diam augue bibendum aenean conubia vulputate platea nostra facilisis cubilia fusce lacus ultricies aenean eleifend condimentum morbi habitant risus pretium ad imperdiet elit bibendum ultricies scelerisque bibendum eros eleifend nec nisl ultricies eros eu laoreet integer ut mauris sociosqu quisque pharetra turpis quam ipsum tempor gravida gravida leo dictumst sociosqu a tincidunt elit in ornare luctus non ante lobortis morbi viverra turpis praesent eu lobortis placerat morbi sed elit netus erat himenaeos convallis ac sodales	253
Titan	27	lorem ipsum auctor mi ut himenaeos netus nulla interdum fusce cras himenaeos sociosqu nisi imperdiet feugiat eleifend arcu vulputate id purus curae lacinia ultricies rutrum class vehicula dictum congue conubia praesent suscipit donec lobortis gravida purus conubia rutrum aliquet donec porta pellentesque senectus congue bibendum potenti congue feugiat iaculis laoreet gravida felis malesuada sapien himenaeos ultrices cursus tempus senectus in mollis venenatis cubilia euismod etiam dictumst vehicula rhoncus conubia accumsan blandit eu porttitor lectus tortor luctus tellus consectetur himenaeos posuere pellentesque elit fringilla hac tincidunt a inceptos nulla sodales diam felis augue pharetra lobortis sed molestie	232
TopCow	28	lorem ipsum velit justo sagittis convallis dapibus tempus blandit pellentesque hac vel vulputate habitant tristique volutpat magna quisque pellentesque taciti euismod euismod dui gravida aenean ut fames adipiscing pulvinar volutpat platea facilisis scelerisque suspendisse pellentesque adipiscing nibh turpis vel maecenas quam auctor id mollis consequat luctus purus rutrum porta tempor dictumst adipiscing in sem donec sagittis fermentum tortor habitant libero odio vivamus libero lacus leo sit turpis cras lectus auctor nisi volutpat duis netus aptent augue eros proin eros etiam blandit orci eu sit nulla quisque cursus	416
Topaz	29	lorem ipsum sociosqu curabitur felis nisl consequat tincidunt semper sit habitant augue litora nulla ultricies at pretium ad feugiat at fringilla dictum quis integer gravida et erat etiam cras morbi placerat fames potenti ultrices orci tempor vulputate nisi at augue vestibulum ut dui fermentum lacus iaculis lorem iaculis enim tempus curabitur accumsan bibendum convallis quisque cursus velit aliquam sollicitudin dolor velit euismod a fusce cursus conubia conubia non lobortis faucibus quisque maecenas lectus orci litora fringilla elit ut vivamus auctor purus convallis ut taciti nec sodales dictum maecenas sodales potenti venenatis consequat sagittis etiam tellus augue mi lacus tincidunt	345
Topcat	30	lorem ipsum sociosqu libero magna id euismod orci nisi mauris lacinia accumsan laoreet convallis massa magna inceptos accumsan per pretium dictum quisque phasellus viverra tristique eleifend pharetra vulputate conubia ante platea nec enim mollis curabitur class phasellus platea aliquet magna tincidunt sapien conubia laoreet nunc lacus at laoreet porta donec convallis eu quisque diam	271
Uzzin	31	lorem ipsum dictumst mauris neque turpis platea hac cras curabitur phasellus lorem nisi class sem luctus nibh eleifend ac tristique nisi eleifend ligula quis mauris mattis et eu elit hac purus lacinia mollis donec eu neque dui quis imperdiet congue lectus viverra eleifend vestibulum ultricies donec etiam auctor aliquam lorem enim scelerisque sagittis nostra aenean pharetra cursus magna velit praesent arcu pulvinar netus porta facilisis etiam semper ut	106
Bay Bridge	32	lorem ipsum class maecenas purus orci congue quam vehicula lacus morbi torquent sodales augue varius maecenas augue arcu faucibus pellentesque sagittis sagittis mattis egestas porttitor ante volutpat donec lectus ut tempor justo vitae suspendisse ad neque euismod auctor nullam eu gravida sociosqu sem iaculis commodo vitae integer praesent pharetra quam nulla placerat conubia aliquam sed vitae	94
Vegas	33	lorem ipsum porta commodo aliquam aenean volutpat aliquam dui lectus adipiscing class sit phasellus venenatis non mauris aenean nibh himenaeos fermentum dapibus eu venenatis auctor leo et taciti suscipit neque ornare quisque pellentesque fringilla ut nullam mollis nec accumsan maecenas nisl accumsan nam hac pharetra magna vitae auctor curae id arcu habitasse est nibh consequat fusce lectus curabitur fusce nunc ultrices odio metus porttitor quisque dolor dapibus class vel rhoncus curabitur aptent	113
Vineseed	34	lorem ipsum nunc nullam orci condimentum pharetra semper lectus mollis blandit commodo non ipsum ac imperdiet nam quisque viverra vivamus morbi turpis velit consequat phasellus vitae turpis suspendisse arcu nullam porta praesent adipiscing primis dictum malesuada lacus varius augue vehicula purus tempor sed conubia commodo per nisl consectetur senectus rhoncus vulputate	476
Voyager	35	lorem ipsum mauris netus dictum per accumsan torquent feugiat pretium sagittis ac lacinia porttitor semper ipsum integer per feugiat justo pulvinar ad arcu at aliquam maecenas lectus feugiat vestibulum condimentum lobortis neque habitasse leo consequat lacinia nec iaculis duis pharetra suspendisse senectus platea turpis ligula in dapibus orci tincidunt pulvinar nibh accumsan bibendum ut fermentum velit sodales quam vehicula eu ut habitasse iaculis magna nostra donec diam commodo maecenas ultricies vel praesent conubia torquent felis maecenas aliquet ante class cubilia morbi morbi ut consectetur ac risus ligula odio vivamus ante pharetra fringilla odio	216
sienna	36	lorem ipsum enim lobortis himenaeos commodo at sodales rutrum nec tincidunt vestibulum mauris praesent ultricies iaculis himenaeos fringilla porttitor amet faucibus vehicula sed hac ut adipiscing platea duis risus eu at enim diam sed velit rutrum vel velit morbi tellus tempus euismod imperdiet dictumst etiam nisl pharetra cursus imperdiet vivamus elit phasellus ligula nibh sem lacinia per consequat laoreet integer tristique vulputate cras interdum platea blandit netus per class ipsum duis primis euismod convallis aptent senectus scelerisque a volutpat a donec ullamcorper fusce senectus libero malesuada nunc	423
Whistler	37	lorem ipsum convallis sodales lacus augue turpis amet enim quisque libero sit ad himenaeos taciti dapibus vel odio nullam interdum viverra neque auctor magna faucibus semper aliquet gravida libero ut augue a hac pulvinar aliquam ultrices pellentesque maecenas semper sociosqu taciti suscipit elementum morbi ornare lorem curae duis est quis auctor vulputate habitasse molestie eleifend feugiat aptent cursus odio quis congue	283
Wide string	38	lorem ipsum lectus ante turpis dapibus id cubilia purus taciti etiam proin conubia aenean vestibulum turpis integer nulla lorem porttitor auctor habitant felis nec cras scelerisque aliquam tempor himenaeos ligula lobortis inceptos consequat vitae inceptos nisl malesuada elementum class faucibus curabitur morbi pretium per tortor aenean arcu per pellentesque vel laoreet ullamcorper enim justo phasellus eu ipsum turpis nulla purus ante in id senectus venenatis donec rhoncus tortor sed ullamcorper amet aenean non ante duis	390
white Feather	39	lorem ipsum cursus etiam at lectus porttitor diam nibh curabitur gravida tempus ultricies cras euismod maecenas sem velit pellentesque et quisque ac porttitor massa hac habitasse sociosqu phasellus blandit consectetur proin ut at ad elit vitae quam vehicula neque luctus habitasse in aenean suspendisse auctor nullam adipiscing a suscipit lectus elementum odio congue sapien taciti ligula integer ut turpis ac aliquet scelerisque scelerisque dui pulvinar vehicula torquent neque id placerat diam fermentum commodo interdum habitasse elit accumsan urna quam odio blandit	32
Wombat	40	lorem ipsum tempor tristique semper dictum integer tristique lobortis platea odio facilisis quisque per ad vestibulum senectus egestas netus a aenean blandit senectus aenean cras pretium lorem aliquam purus tortor vestibulum mollis aliquam volutpat elementum primis aliquet scelerisque augue ipsum class sociosqu sodales nec pulvinar orci aliquam rutrum cubilia porttitor primis pharetra vivamus hac consequat sem consectetur etiam sem laoreet consectetur pharetra convallis sodales primis imperdiet himenaeos vulputate leo cubilia mauris donec sed urna mollis eleifend sociosqu sapien aenean primis varius	109
Yaeger	41	lorem ipsum erat platea euismod lectus malesuada ut hendrerit molestie donec himenaeos lacinia elit sit bibendum augue hendrerit neque curabitur curae class mollis porta commodo condimentum elementum massa lacinia eleifend quam tempus primis luctus libero quisque vulputate vel magna ultricies quisque sed nibh mollis sem risus placerat aliquet nam maecenas congue aliquet sollicitudin magna purus facilisis pulvinar lectus etiam nostra dictum leo ut sem et habitasse neque aenean laoreet	312
Moonshot	42	lorem ipsum ultricies maecenas praesent est neque sodales ad nunc scelerisque sodales dictumst ultrices nostra velit integer volutpat consectetur curabitur phasellus enim commodo pharetra tellus class eleifend dolor ultricies per libero pellentesque metus consectetur netus pharetra accumsan non cras velit massa sapien senectus at accumsan eleifend non ad habitant conubia iaculis euismod risus ultricies	285
Frostbite	43	lorem ipsum erat class himenaeos etiam auctor phasellus porta ultricies habitasse euismod vivamus phasellus sed potenti arcu class tellus inceptos sollicitudin ut blandit curabitur cubilia nulla pellentesque arcu viverra orci id malesuada convallis diam eu lorem ultrices malesuada interdum ullamcorper quis dictum scelerisque potenti placerat semper class commodo magna primis praesent tempor lorem faucibus donec ut id dictum inceptos aenean porta malesuada tincidunt risus arcu aliquet vitae congue enim molestie	138
Helium	44	lorem ipsum lacus consequat viverra gravida pulvinar fusce pretium suscipit placerat orci placerat mattis donec suscipit tristique ullamcorper aliquam diam nisl ante quam malesuada sagittis sagittis amet duis mollis sit facilisis habitasse auctor metus potenti semper aenean erat odio aptent mi consequat netus aenean etiam potenti sed aliquam vivamus lacus primis leo suscipit fusce lorem justo feugiat nam cursus cursus ullamcorper porttitor convallis mattis mauris aliquet augue viverra tellus turpis fusce duis lorem curabitur commodo nostra quis cubilia per felis nulla	317
Rough Arm	45	lorem ipsum felis quisque diam orci nisl condimentum convallis volutpat at venenatis a aptent erat curabitur aptent praesent velit rutrum est mi scelerisque pulvinar donec phasellus erat aenean consequat mi varius tristique volutpat taciti volutpat eget leo cursus proin etiam mi massa sapien proin hendrerit auctor tortor vulputate erat habitant diam semper erat quis ornare fames nostra at lacinia cursus aliquet conubia hac venenatis curae nostra venenatis tristique convallis neque nec eu leo sit interdum bibendum praesent elementum sociosqu sit ante mollis lacinia proin	13
Ranzer	46	lorem ipsum vulputate justo vel quisque aenean curabitur fermentum gravida venenatis morbi ut lectus at porttitor potenti nunc hac id sodales mattis fames sodales ad vitae fames torquent etiam laoreet dapibus pharetra semper sociosqu risus curae ante vitae faucibus eget sociosqu suspendisse odio imperdiet amet sollicitudin nulla amet turpis commodo scelerisque felis dictumst lorem blandit dui tempus a scelerisque cras	497
Torpedo	47	lorem ipsum phasellus diam donec quam dictum adipiscing luctus morbi aptent varius porttitor hendrerit mauris eros quisque augue nec malesuada fames sociosqu ipsum ac bibendum eros ornare taciti quam orci vulputate sodales rhoncus dolor himenaeos viverra nulla class tortor eleifend nostra tortor aenean ut ac elit non faucibus quis quis euismod fermentum fermentum litora odio lectus in gravida lobortis consectetur iaculis curabitur imperdiet vehicula erat aliquet vitae phasellus facilisis blandit scelerisque himenaeos viverra semper quis fusce libero litora mollis placerat suspendisse mauris sapien aenean turpis euismod quis convallis sapien	434
Yodha	48	lorem ipsum congue nunc congue vitae mauris posuere ut suspendisse pulvinar mi pharetra accumsan curabitur blandit amet dui metus nec sollicitudin purus justo consequat lobortis conubia ipsum inceptos id torquent primis suscipit fusce sem quisque feugiat erat amet posuere eleifend diam tortor condimentum nam dui pulvinar auctor curabitur urna rutrum posuere placerat aliquam feugiat molestie cursus bibendum augue viverra ligula ipsum aenean conubia mauris elementum taciti a integer cubilia gravida blandit laoreet dui condimentum condimentum sociosqu ut donec aenean molestie vivamus semper aptent augue vitae eget	73
Red Butter	49	lorem ipsum aliquam blandit mollis ipsum metus et consectetur fringilla consectetur euismod neque ut primis pellentesque diam etiam molestie placerat id rutrum nullam accumsan aliquet nunc ullamcorper lorem imperdiet gravida vestibulum tincidunt donec euismod erat aliquam magna molestie purus arcu nisl aliquet purus augue odio torquent dolor class ad fringilla ac egestas ut ornare nam cras fringilla fringilla adipiscing torquent accumsan suscipit fringilla id massa neque sed ipsum nisl interdum consequat molestie feugiat fusce curabitur ligula primis lorem dictumst convallis nostra	427
Yosemite	50	lorem ipsum donec primis imperdiet sed litora odio ligula vestibulum elementum tristique himenaeos sem mi nisi turpis egestas nostra sagittis dui curabitur malesuada scelerisque elit felis magna rutrum pellentesque massa tempus per elit tempus purus erat netus diam eget suscipit condimentum inceptos habitasse proin orci blandit ornare tortor convallis mollis lectus lorem vestibulum pulvinar viverra etiam habitant mollis quam sodales felis tortor lacinia congue tellus curabitur quam leo ultrices felis magna	498
\.


--
-- Name: ang_pro ang_pro_pkey; Type: CONSTRAINT; Schema: public; Owner: aladin
--

ALTER TABLE ONLY public.ang_pro
    ADD CONSTRAINT ang_pro_pkey PRIMARY KEY ("PNR", "ANGNR");


--
-- Name: angest angest_pkey; Type: CONSTRAINT; Schema: public; Owner: aladin
--

ALTER TABLE ONLY public.angest
    ADD CONSTRAINT angest_pkey PRIMARY KEY ("ANGNR");


--
-- Name: kunde kunde_pkey; Type: CONSTRAINT; Schema: public; Owner: aladin
--

ALTER TABLE ONLY public.kunde
    ADD CONSTRAINT kunde_pkey PRIMARY KEY ("KDNR");


--
-- Name: projekt projekt_pkey; Type: CONSTRAINT; Schema: public; Owner: aladin
--

ALTER TABLE ONLY public.projekt
    ADD CONSTRAINT projekt_pkey PRIMARY KEY ("PNR");


--
-- Name: ang_pro ang_pro_ANGNR_fkey; Type: FK CONSTRAINT; Schema: public; Owner: aladin
--

ALTER TABLE ONLY public.ang_pro
    ADD CONSTRAINT "ang_pro_ANGNR_fkey" FOREIGN KEY ("ANGNR") REFERENCES public.angest("ANGNR");


--
-- Name: ang_pro ang_pro_PNR_fkey; Type: FK CONSTRAINT; Schema: public; Owner: aladin
--

ALTER TABLE ONLY public.ang_pro
    ADD CONSTRAINT "ang_pro_PNR_fkey" FOREIGN KEY ("PNR") REFERENCES public.projekt("PNR");


--
-- Name: projekt projekt_P_LEITER_fkey; Type: FK CONSTRAINT; Schema: public; Owner: aladin
--

ALTER TABLE ONLY public.projekt
    ADD CONSTRAINT "projekt_P_LEITER_fkey" FOREIGN KEY ("P_LEITER") REFERENCES public.angest("ANGNR");


--
-- PostgreSQL database dump complete
--

